Name,Salary,TeamAbbrev,Game Info,game,Opponent,opp_implied,sacks_pg,ints_pg,exp_sacks,exp_int,exp_fumble_rec,exp_def_td,pa_component,dst_mean,dst_p90,dst_p95,ownership_pct,leverage_score
Vikings,4000,MIN,MIA@MIN 10/04/2026 04:05PM ET,MIA@MIN,MIA,14.0,3.0,0.6666666666666666,2.6799999999999997,0.7041666666666667,0.65,0.24,3.0,9.828333333333333,16.328333333333333,18.828333333333333,16.3513366471089,1.14090537304096
Buccaneers,2800,TB,GB@TB 10/04/2026 01:00PM ET,GB@TB,GB,21.5,4.333333333333333,1.0,3.4799999999999995,0.8875000000000001,0.65,0.165,1.5,9.045,15.545,18.045,15.381462755828325,0.7631332679249477
Ravens,3800,BAL,TEN@BAL 10/04/2026 01:00PM ET,TEN@BAL,TEN,16.0,1.6666666666666667,0.3333333333333333,1.8800000000000001,0.5208333333333334,0.65,0.22,3.0,8.541666666666668,15.041666666666668,17.541666666666668,14.543687975282797,0.5546546519365357
Seahawks,3500,SEA,LAC@SEA 10/04/2026 04:25PM ET,LAC@SEA,LAC,17.75,1.0,0.6666666666666666,1.48,0.7041666666666667,0.65,0.2025,3.0,8.403333333333332,14.903333333333332,17.403333333333332,14.282021381593655,0.5023736738691872
Packers,3200,GB,GB@TB 10/04/2026 01:00PM ET,GB@TB,TB,18.0,2.6666666666666665,0.6666666666666666,2.48,0.7041666666666667,0.65,0.2,1.5,7.888333333333334,14.388333333333334,16.888333333333335,13.191551294808722,0.32630809527443894
Rams,2600,LAR,LAR@PHI 10/04/2026 01:00PM ET,LAR@PHI,PHI,20.25,1.6666666666666667,1.3333333333333333,1.8800000000000001,1.0708333333333333,0.65,0.1775,1.5,7.886666666666667,14.386666666666667,16.886666666666667,13.187738915887445,0.32578354378787977
Bills,3300,BUF,NE@BUF 10/04/2026 01:00PM ET,NE@BUF,NE,20.75,2.6666666666666665,0.6666666666666666,2.48,0.7041666666666667,0.65,0.17250000000000001,1.5,7.723333333333334,14.223333333333333,16.723333333333333,12.805986865904753,0.27567697021035453
Patriots,2300,NE,NE@BUF 10/04/2026 01:00PM ET,NE@BUF,BUF,27.75,3.0,2.0,2.6799999999999997,1.4375,0.65,0.11,0.0,7.515,14.015,16.515,12.29728701102417,0.21524155156394653
Giants,3100,NYG,ARI@NYG 10/04/2026 01:00PM ET,ARI@NYG,ARI,21.5,2.3333333333333335,0.3333333333333333,2.2800000000000002,0.5208333333333334,0.65,0.165,1.5,7.111666666666667,13.611666666666668,16.111666666666668,11.256293098837562,0.10720373710936881
Bears,3000,CHI,NYJ@CHI 10/04/2026 01:00PM ET,NYJ@CHI,NYJ,19.5,2.0,0.3333333333333333,2.08,0.5208333333333334,0.65,0.185,1.5,7.031666666666666,13.531666666666666,16.031666666666666,11.043218829369827,0.0868278989253344
Chiefs,3400,KC,KC@LV 10/04/2026 04:25PM ET,KC@LV,LV,21.5,1.3333333333333333,0.6666666666666666,1.6800000000000002,0.7041666666666667,0.65,0.165,1.5,6.878333333333334,13.378333333333334,15.878333333333334,10.630847621416194,0.04840947983303877
Eagles,2700,PHI,LAR@PHI 10/04/2026 01:00PM ET,LAR@PHI,LAR,23.25,2.6666666666666665,1.3333333333333333,2.48,1.0708333333333333,0.65,0.1475,0.0,6.806666666666666,13.306666666666665,15.806666666666665,10.436807646768475,0.030660805707181077
Chargers,2200,LAC,LAC@SEA 10/04/2026 04:25PM ET,LAC@SEA,SEA,24.75,2.6666666666666665,1.3333333333333333,2.48,1.0708333333333333,0.65,0.1325,0.0,6.716666666666666,13.216666666666665,15.716666666666665,10.192425129172802,0.008484240278394423
Dolphins,2000,MIA,MIA@MIN 10/04/2026 04:05PM ET,MIA@MIN,MIN,24.5,3.0,0.6666666666666666,2.6799999999999997,0.7041666666666667,0.65,0.135,0.0,6.198333333333332,12.698333333333332,15.198333333333332,8.792017786922866,-0.12036275154713846
Texans,2900,HOU,DAL@HOU 10/04/2026 01:00PM ET,DAL@HOU,DAL,23.0,3.3333333333333335,0.0,2.88,0.3375,0.65,0.15,0.0,5.754999999999999,12.254999999999999,14.754999999999999,7.648413730459541,-0.23921547457811665
Broncos,2500,DEN,DEN@SF 10/04/2026 04:25PM ET,DEN@SF,SF,25.25,1.6666666666666667,1.0,1.8800000000000001,0.8875000000000001,0.65,0.1275,0.0,5.72,12.219999999999999,14.719999999999999,7.561753759498958,-0.24917728722224258
Raiders,2400,LV,KC@LV 10/04/2026 04:25PM ET,KC@LV,KC,26.0,1.6666666666666667,1.0,1.8800000000000001,0.8875000000000001,0.65,0.12,0.0,5.675,12.175,14.675,7.451256457891298,-0.26213264556848787
Jets,2400,NYJ,NYJ@CHI 10/04/2026 01:00PM ET,NYJ@CHI,CHI,23.0,3.0,0.0,2.6799999999999997,0.3375,0.65,0.15,0.0,5.555,12.055,14.555,7.161931206847004,-0.29753193778134174
Bengals,2800,CIN,JAX@CIN 10/04/2026 01:00PM ET,JAX@CIN,JAX,24.5,2.3333333333333335,0.3333333333333333,2.2800000000000002,0.5208333333333334,0.65,0.135,0.0,5.431666666666667,11.931666666666667,14.431666666666667,6.87317239889003,-0.3352881530151428
Cardinals,2500,ARI,ARI@NYG 10/04/2026 01:00PM ET,ARI@NYG,NYG,23.0,1.6666666666666667,0.3333333333333333,1.8800000000000001,0.5208333333333334,0.65,0.15,0.0,5.121666666666666,11.621666666666666,14.121666666666666,6.1895328543311505,-0.43692018180852443
Jaguars,2600,JAX,JAX@CIN 10/04/2026 01:00PM ET,JAX@CIN,CIN,27.0,1.3333333333333333,0.6666666666666666,1.6800000000000002,0.7041666666666667,0.65,0.11,0.0,5.048333333333334,11.548333333333334,14.048333333333334,6.037172413519088,-0.46245671789604603
Titans,2100,TEN,TEN@BAL 10/04/2026 01:00PM ET,TEN@BAL,BAL,27.5,1.6666666666666667,0.3333333333333333,1.8800000000000001,0.5208333333333334,0.65,0.11,0.0,4.881666666666667,11.381666666666668,13.881666666666668,5.704788279978532,-0.5227119346297566
Cowboys,2700,DAL,DAL@HOU 10/04/2026 01:00PM ET,DAL@HOU,HOU,25.5,1.0,0.3333333333333333,1.48,0.5208333333333334,0.65,0.125,0.0,4.571666666666666,11.071666666666665,13.571666666666665,5.138819395286776,-0.64313144639824
49ers,2900,SF,DEN@SF 10/04/2026 04:25PM ET,DEN@SF,DEN,22.25,0.0,0.3333333333333333,0.8800000000000001,0.5208333333333334,0.65,0.1575,0.0,4.166666666666667,10.666666666666668,13.166666666666668,4.501380665018544,-0.8167347590165319
