Name,Position,Salary,TeamAbbrev,game,median,p90,p95,ownership_pct,public_anchor_pct,leverage_score
Kenneth Walker III,RB,8200,KC,KC@LV,26.01954841613769,41.25748443603516,46.40876388549805,24.58354500474325,19.3,4.9680687987616
Josh Allen,QB,7700,BUF,NE@BUF,20.85744857788086,28.334135055541992,30.908994674682617,8.973147479555912,7.1,4.504466116168365
Derrick Henry,RB,8400,BAL,TEN@BAL,20.308094024658203,33.70691680908203,38.36379623413086,17.685347935629373,8.7,4.413580958670634
Dak Prescott,QB,6400,DAL,DAL@HOU,18.38283920288086,24.938207626342773,27.247529983520508,5.834237043113735,2.3,4.259725391904576
Patrick Mahomes,QB,6500,KC,KC@LV,18.205612182617188,24.708580017089844,27.11990165710449,6.416388625684566,3.2,4.141789859113172
Brock Purdy,QB,6700,SF,DEN@SF,18.418193817138672,25.052453994750977,27.376747131347656,7.393869342631559,4.7,4.082385873733539
Jordan Love,QB,5800,GB,GB@TB,20.391468048095703,27.78302001953125,30.25126266479492,12.4595288035587,,3.9547795874552554
Ashton Jeanty,RB,7100,LV,KC@LV,20.374242782592773,33.486480712890625,37.75438690185547,21.521304690079504,14.6,3.8821202831178696
Joe Burrow,QB,6800,CIN,JAX@CIN,17.206539154052734,23.485258102416992,25.660228729248047,7.244740306589831,4.5,3.8035948232211063
Lamar Jackson,QB,7300,BAL,TEN@BAL,16.346221923828125,22.253267288208008,24.29659652709961,5.857067940367415,2.4,3.7465758419803903
Matthew Stafford,QB,6200,LAR,LAR@PHI,17.345699310302734,23.57441139221192,25.65330696105957,8.80974361297013,6.9,3.620801230060729
Trevor Lawrence,QB,5900,JAX,JAX@CIN,15.585378646850586,21.12226676940918,23.057680130004883,6.360783341122234,3.2,3.4673574104763683
C.J. Stroud,QB,5700,HOU,DAL@HOU,18.20198440551757,24.76341819763184,27.04855155944824,12.407151787142865,,3.3876307830196652
Geno Smith,QB,5200,NYJ,NYJ@CHI,17.340618133544922,23.398157119750977,25.44709587097168,12.381124379298761,,3.1315036133525656
Davante Adams,WR,7000,LAR,LAR@PHI,16.11072540283203,25.700395584106445,29.110546112060547,18.193939366185553,10.7,2.8271427400999953
Drake Maye,QB,6000,NE,NE@BUF,13.365327835083008,18.146408081054688,19.77707862854004,8.320907288918542,6.4,2.6516728685366715
Cam Ward,QB,4700,TEN,TEN@BAL,13.692188262939451,18.59933090209961,20.297985076904297,12.073731401751736,,2.2587846589626603
Jaxon Smith-Njigba,WR,9100,SEA,LAC@SEA,18.18201446533203,29.182186126708984,33.0659065246582,29.930726484044392,28.7,1.9908833958640408
George Kittle,TE,5100,SF,DEN@SF,12.781122207641602,21.31761360168457,24.41474723815918,21.834844031640188,,1.5295797034033307
Dalton Schultz,TE,4800,HOU,DAL@HOU,12.730504989624023,20.960458755493164,23.83926582336425,21.83200906225636,,1.4620691891962243
Rashee Rice,WR,6400,KC,KC@LV,17.07286834716797,27.81388282775879,31.480159759521484,32.20180910709428,,1.441005912569207
Chase Brown,RB,6100,CIN,JAX@CIN,17.334659576416016,28.86542320251465,32.516727447509766,34.3315384698618,,1.3690266279077274
Trey McBride,TE,6500,ARI,ARI@NYG,12.135581016540527,19.732437133789062,22.36349296569824,21.48831737283097,,1.27256486712801
Tyler Higbee,TE,3100,LAR,LAR@PHI,12.099725723266602,19.98492813110352,22.709497451782227,22.04209974514728,,1.2498699614710485
Luther Burden III,WR,5200,CHI,NYJ@CHI,16.45073699951172,26.50912094116211,29.97643280029297,32.20100969511223,,1.1931560146580487
Dalton Kincaid,TE,5300,BUF,NE@BUF,11.396223068237305,19.080894470214844,21.66015625,21.462473400590234,,1.152046585025844
Parker Washington,WR,6500,JAX,JAX@CIN,12.38323974609375,20.212909698486328,22.894847869873047,23.96946143285647,19.9,1.0472122168065088
Jakobi Meyers,WR,5000,JAX,JAX@CIN,15.802989959716797,25.632707595825195,29.104808807373047,32.18191148096778,,1.0290432365093767
Kyren Williams,RB,5900,LAR,LAR@PHI,15.430870056152344,25.66283226013184,29.05477333068848,32.78425739325644,32.0,0.9578926932167868
Kenyon Sadiq,TE,4000,NYJ,NYJ@CHI,10.3642578125,17.571205139160156,20.0012264251709,21.433339529581346,,0.8688692934546713
Mack Hollins,WR,4000,NE,NE@BUF,15.303796768188477,24.74272918701172,28.04103660583496,32.215409311038826,,0.855639955338015
Jordan Addison,WR,5300,MIN,MIA@MIN,14.705845832824709,24.417953491210938,27.88141632080078,32.10882016096451,,0.8075244362005507
Garrett Wilson,WR,6800,NYJ,NYJ@CHI,14.778043746948242,24.060436248779297,27.41940116882324,32.01470306379876,,0.751595074802804
Wan'Dale Robinson,WR,4600,TEN,TEN@BAL,14.874937057495115,23.973833084106445,27.19784927368164,32.13778379015838,,0.7194289769286377
Saquon Barkley,RB,6800,PHI,LAR@PHI,14.865348815917969,25.20877265930176,28.43885612487793,34.18928097341661,,0.6922866716038931
Ja'Marr Chase,WR,8100,CIN,JAX@CIN,14.232797622680664,23.69215965270996,27.102649688720703,31.97391883599344,,0.6868143582386566
Christian Watson,WR,6700,GB,GB@TB,14.700117111206056,23.628198623657227,26.755035400390625,31.98306450725445,,0.6734922203162301
CeeDee Lamb,WR,7800,DAL,DAL@HOU,14.555493354797363,23.321250915527344,26.296449661254883,31.94095780845181,,0.6205349918130851
James Cook III,RB,7400,BUF,NE@BUF,14.90500831604004,23.670469284057617,26.60234642028809,34.07243885051813,,0.41486557708946625
Oronde Gadsden II,TE,3600,LAC,LAC@SEA,0.0122648142278194,5.808255195617676,6.104457378387451,7.597163358164517,,0.3993467366259501
Mark Andrews,TE,4200,BAL,TEN@BAL,0.0741027295589447,5.991693019866943,6.402903079986572,7.913281585742872,,0.39386148192840653
Jake Ferguson,TE,4300,DAL,DAL@HOU,0.0352478474378585,5.895407199859619,6.223569869995117,7.776809231834292,,0.3929811884393399
Hunter Henry,TE,3500,NE,NE@BUF,0.0287154186517,5.889841079711914,6.213424205780029,7.7694382554244426,,0.3928641565423762
Michael Mayer,TE,3400,LV,KC@LV,0.0228979177772998,5.840378284454346,6.138777732849121,7.715187864208401,,0.3903882265879488
Cade Otton,TE,3400,TB,GB@TB,0.0254205763339996,5.863973140716553,6.171631813049316,7.758684571736111,,0.3893207683681064
Tucker Kraft,TE,4400,GB,GB@TB,0.0412650778889656,5.9134392738342285,6.264680862426758,7.834096433686814,,0.38909656756275884
Isaiah Likely,TE,4500,NYG,ARI@NYG,0.0334759578108787,5.89430570602417,6.238293170928955,7.836379910946702,,0.38516906574407767
Greg Dulcich,TE,3200,MIA,MIA@MIN,0.006063318811357,5.76674222946167,6.035776138305664,7.678327518605392,,0.38109907227499357
Dallas Goedert,TE,4600,PHI,LAR@PHI,0.0336636044085025,5.867241859436035,6.19548225402832,7.8314190600965885,,0.38065909274405313
Mike Gesicki,TE,3300,CIN,JAX@CIN,0.0610464587807655,5.954738616943359,6.352739810943604,7.977413616710569,,0.3786538609569846
T.J. Hockenson,TE,3300,MIN,MIA@MIN,0.0632441788911819,5.973010540008545,6.371715545654297,8.012215667142033,,0.37768452192421154
Colston Loveland,TE,4700,CHI,NYJ@CHI,0.0437519326806068,5.900532245635986,6.243859767913818,7.926352567812121,,0.3748694353861833
Zach Ertz,TE,3100,PHI,LAR@PHI,0.0346839427947998,5.878830909729004,6.213173866271973,7.96536028913965,,0.3657669769799127
DeVonta Smith,WR,7100,PHI,LAR@PHI,13.687471389770508,21.870302200317383,24.80364799499512,31.78511620321215,,0.36469180906768317
Travis Kelce,TE,5000,KC,KC@LV,0.0443642735481262,5.923801898956299,6.340845584869385,8.113248677173317,,0.35543860883025413
Terrance Ferguson,TE,3000,LAR,LAR@PHI,0.0404854267835617,5.888763427734375,6.237612247467041,8.072467865655831,,0.35398474615139636
AJ Barner,TE,3000,SEA,LAC@SEA,0.0501762107014656,5.934744834899902,6.294886589050293,8.165719796848567,,0.35082145531881326
Evan Engram,TE,2900,DEN,DEN@SF,0.025832500308752,5.875992298126221,6.201374530792236,8.149801881782814,,0.34168789775586755
Jonnu Smith,TE,2900,GB,GB@TB,0.0401040613651275,5.896285533905029,6.240970611572266,8.191922962905847,,0.34016857871864736
Colby Parkinson,TE,2900,LAR,LAR@PHI,0.0436774380505085,5.921140193939209,6.273346900939941,8.243641912548494,,0.3382911525281987
Gunnar Helm,TE,2800,TEN,TEN@BAL,0.0090836975723505,5.796332359313965,6.066695690155029,8.102119797008058,,0.332635128776888
Cole Kmet,TE,2800,CHI,NYJ@CHI,0.0336410030722618,5.904961585998535,6.252593994140625,8.3330270116888,,0.32380872216860296
Dawson Knox,TE,2800,BUF,NE@BUF,0.0729346722364425,5.9632768630981445,6.402435302734375,8.458128291369924,,0.31892449065689943
Eli Raridon,TE,2700,NE,NE@BUF,0.0308992899954319,5.882689952850342,6.2172722816467285,8.427766554136067,,0.307485027745851
Foster Moreau,TE,2700,HOU,DAL@HOU,0.0528952628374099,5.93391227722168,6.315267562866211,8.540631851030877,,0.3028145148345864
Noah Gray,TE,2700,KC,KC@LV,0.0464464649558067,5.948296546936035,6.337034225463867,8.572435200453763,,0.30148909493440207
Charlie Kolar,TE,2600,LAC,LAC@SEA,0.0182103645056486,5.828606128692627,6.105776309967041,8.471009491808982,,0.29168820001758183
Johnny Mundt,TE,2600,PHI,LAR@PHI,0.0392493270337581,5.878705024719238,6.206977844238281,8.584270476857363,,0.28675369480428664
J.K. Dobbins,RB,5300,DEN,DEN@SF,13.325336456298828,22.973318099975582,26.1146297454834,34.1071568366112,,0.2779507148196698
Drew Sample,TE,2600,CIN,JAX@CIN,0.0667425990104675,5.969602584838867,6.361169338226318,8.791259884052625,,0.27761017733753124
Seydou Traore,TE,2500,MIA,MIA@MIN,0.0025954432785511,5.773499488830566,6.038196086883545,8.530637628569071,,0.2736058142334439
Cole Turner,TE,2500,MIA,MIA@MIN,0.0040899119339883,5.775162696838379,6.041748046875,8.534493446488472,,0.27342977921765105
Justin Joly,TE,2500,MIA,MIA@MIN,0.0050933184102177,5.779836654663086,6.065150260925293,8.54533281417747,,0.27293460927990304
Daniel Bellinger,TE,2500,TEN,TEN@BAL,0.0061044665053486,5.784256458282471,6.068131923675537,8.555587811969602,,0.2724657219577788
David Martin-Robinson,TE,2500,TEN,TEN@BAL,0.0078441323712468,5.785298824310303,6.058832168579102,8.558007061506363,,0.2723550487604661
Kylen Granson,TE,2500,TEN,TEN@BAL,0.0061302976682782,5.785455703735352,6.0618743896484375,8.558371189799123,,0.2723383890918537
Will Kacmarek,TE,2500,MIA,MIA@MIN,0.0032725108321756,5.78879451751709,6.047159194946289,8.566122269416136,,0.27198364101146205
Tre Watson,TE,2500,MIA,MIA@MIN,0.0052591217681765,5.791878700256348,6.045843601226807,8.573284687626806,,0.2716556326408586
Jaren Kanak,TE,2500,TEN,TEN@BAL,0.0081573985517025,5.795783996582031,6.074513912200928,8.582357372749678,,0.27123986479712087
Joel Wilson,TE,2500,TEN,TEN@BAL,0.0084100309759378,5.803745269775391,6.069987773895264,8.600864485370714,,0.2703907959355362
Hayden Rucci,TE,2500,LAC,LAC@SEA,0.0192427933216094,5.80938196182251,6.0928874015808105,8.613977215308982,,0.2697884389670822
Patrick Herbert,TE,2500,LAC,LAC@SEA,0.0120491981506347,5.813453674316406,6.100798606872559,8.623454151817858,,0.2693527030095226
Evan Svoboda,TE,2500,LAC,LAC@SEA,0.0168185010552406,5.818517208099365,6.095851421356201,8.63524520520352,,0.2688101062437042
David Njoku,TE,2500,LAC,LAC@SEA,0.0091203488409519,5.822703361511231,6.112858295440674,8.64499788169532,,0.2683609264603374
Cody Hardy,TE,2500,NYJ,NYJ@CHI,0.0201886426657438,5.827305316925049,6.149511814117432,8.655724172503504,,0.26786650507160725
Chris Myarick,TE,2500,LV,KC@LV,0.0191836226731538,5.8324971199035645,6.142370700836182,8.667831425534844,,0.26730792862624786
Patrick Gurd,TE,2500,LV,KC@LV,0.021144887432456,5.834798812866211,6.134812355041504,8.673201035012452,,0.26706002886905794
Tip Reiman,TE,2500,ARI,ARI@NYG,0.0241436436772346,5.837716102600098,6.145175457000732,8.680008594410001,,0.26674559419330773
Carter Runyon,TE,2500,LV,KC@LV,0.0176879949867725,5.839589595794678,6.13826322555542,8.684381506642232,,0.2665435260118775
Shawn Bowman,TE,2500,ARI,ARI@NYG,0.0157073326408863,5.841063022613525,6.145149230957031,8.687821215269054,,0.26638453229481107
Jeremy Ruckert,TE,2500,NYJ,NYJ@CHI,0.020470555871725,5.844567775726318,6.153087615966797,8.696005128394367,,0.2660060776472195
Jelani Woods,TE,2500,NYJ,NYJ@CHI,0.0226295813918113,5.846754550933838,6.171871662139893,8.701112927013433,,0.2657697533737329
Mason Taylor,TE,2500,NYJ,NYJ@CHI,0.016266606748104,5.84881067276001,6.157821178436279,8.705916586407614,,0.2655474164686483
Ko Kieft,TE,2500,TB,GB@TB,0.0196957662701606,5.852574348449707,6.178515911102295,8.71471215285392,,0.2651401032796641
CJ Dippre,TE,2500,TB,GB@TB,0.0264619849622249,5.855247020721436,6.163215160369873,8.720960120803037,,0.26485060115809556
Ian Thomas,TE,2500,LV,KC@LV,0.0234137587249279,5.8556013107299805,6.155111789703369,8.721788479387806,,0.264812208535347
Bauer Sharp,TE,2500,TB,GB@TB,0.0237774681299924,5.856536388397217,6.166441440582275,8.723974908500237,,0.2647108607339783
Jameson Geers,TE,2500,ARI,ARI@NYG,0.0262327995151281,5.857299327850342,6.160929203033447,8.725758991117209,,0.26462815053629574
Dallen Bentley,TE,2500,DEN,DEN@SF,0.0248456224799156,5.858150005340576,6.176387310028076,8.727748404909976,,0.2645359080318801
Hunter Long,TE,2500,ARI,ARI@NYG,0.0233443230390548,5.858819007873535,6.150237560272217,8.72931306916942,,0.2644633500271851
Elijah Higgins,TE,2500,ARI,ARI@NYG,0.0283123515546321,5.859249591827393,6.150097370147705,8.730320175350315,,0.26441664307659296
Mitchell Fraboni,TE,2500,DEN,DEN@SF,0.0308029800653457,5.861080169677734,6.185340881347656,8.734602257272172,,0.2642180117857246
Payne Durham,TE,2500,TB,GB@TB,0.0242146402597427,5.861092567443848,6.167764186859131,8.734631260771488,,0.26421666619348333
Teagan Quitoriano,TE,2500,ARI,ARI@NYG,0.0260524544864892,5.86202335357666,6.183787822723389,8.736808857303748,,0.26411563011699596
Evan Deckers,TE,2500,TB,GB@TB,0.0267987884581089,5.862144947052002,6.17707109451294,8.737093343177456,,0.2641024293279559
Adam Trautman,TE,2500,DEN,DEN@SF,0.0280099287629127,5.867766380310059,6.182300090789795,8.750249296668303,,0.26349165616597414
Eli Stowers,TE,2500,PHI,LAR@PHI,0.0298523493111133,5.872292995452881,6.202105045318604,8.760848389590645,,0.2629991512270503
Grant Calcaterra,TE,2500,PHI,LAR@PHI,0.0291095376014709,5.873971462249756,6.2086567878723145,8.764779740467931,,0.26281637592347185
E.J. Jenkins,TE,2500,PHI,LAR@PHI,0.0302105359733104,5.874572277069092,6.206708908081055,8.766187144451507,,0.26275093037155484
Lucas Krull,TE,2500,DEN,DEN@SF,0.0315699093043804,5.875887870788574,6.178054332733154,8.769269204932563,,0.2626075880518333
Julian Hill,TE,2500,NE,NE@BUF,0.0291202999651432,5.876216411590576,6.201442241668701,8.770038944870986,,0.26257178344344834
Tanner Arkin,TE,2500,NE,NE@BUF,0.0330579355359077,5.8776469230651855,6.214150905609131,8.773390789117641,,0.2624158480855642
Luke Schoonmaker,TE,2500,DAL,DAL@HOU,0.0289934463798999,5.877918243408203,6.2123122215271,8.774026575708348,,0.2623862655224335
Caleb Lohner,TE,2500,DEN,DEN@SF,0.0278599523007869,5.878490924835205,6.200514793395996,8.7753685994685,,0.26232381786001197
Thomas Fidone II,TE,2500,NYG,ARI@NYG,0.0339335724711418,5.88084077835083,6.223724365234375,8.780876048768464,,0.2620674783306503
Nate Adkins,TE,2500,DEN,DEN@SF,0.0245084594935178,5.880954742431641,6.194930076599121,8.781143183551354,,0.2620550421403637
Tanner Conner,TE,2500,NE,NE@BUF,0.0329977422952652,5.88143253326416,6.204497337341309,8.782263170375419,,0.26200289963842993
Michael Trigg,TE,2500,DAL,DAL@HOU,0.0286711771041154,5.881887435913086,6.210808753967285,8.783329554086752,,0.2619532487334927
James Mitchell,TE,2500,DAL,DAL@HOU,0.0279645584523677,5.882807731628418,6.23015022277832,8.785487059102651,,0.26185278330897765
Chris Manhertz,TE,2500,NYG,ARI@NYG,0.0418285354971885,5.8870344161987305,6.223641395568848,8.795398436328524,,0.26139105148691477
Cameron Latu,TE,2500,NE,NE@BUF,0.030176468193531,5.888785362243652,6.222368240356445,8.799505525249232,,0.26119962102388267
Princeton Fant,TE,2500,DAL,DAL@HOU,0.0321503542363643,5.8903350830078125,6.207526683807373,8.803141198507555,,0.2610301156284952
Drake Dabney,TE,2500,GB,GB@TB,0.0312504470348358,5.890498638153076,6.240257740020752,8.803524933960597,,0.26101222219421866
DJ Rogers,TE,2500,DAL,DAL@HOU,0.0391525253653526,5.891490459442139,6.233907699584961,8.805852090577666,,0.2609036971691588
Theo Johnson,TE,2500,NYG,ARI@NYG,0.0347247570753097,5.892009735107422,6.233538627624512,8.807070581072551,,0.2608468666034064
Rocco Underwood,TE,2500,PHI,LAR@PHI,0.0363746806979179,5.893449306488037,6.210008144378662,8.810448885689762,,0.260689275909899
Nikola Kalinic,TE,2500,CHI,NYJ@CHI,0.0403062216937541,5.89373254776001,6.242380619049072,8.811113635997794,,0.26065826221546734
Stephen Carlson,TE,2500,CHI,NYJ@CHI,0.039660170674324,5.894173622131348,6.226160526275635,8.812148847601653,,0.26060996182581325
Sam Roush,TE,2500,CHI,NYJ@CHI,0.0351587310433387,5.898230075836182,6.2328619956970215,8.821671516105603,,0.26016548953091534
Qadir Ismail,TE,2500,CHI,NYJ@CHI,0.0407910868525505,5.901098251342773,6.252390861511231,8.828406918068277,,0.25985093057956393
Josiah Deguara,TE,2500,PHI,LAR@PHI,0.0407339707016944,5.901223182678223,6.230241775512695,8.828700339606563,,0.2598372236767431
Ben Mann,TE,2500,NYG,ARI@NYG,0.0359282232820987,5.902338981628418,6.243501663208008,8.831321131628895,,0.25971478322116787
Hayden Large,TE,2500,CHI,NYJ@CHI,0.0421079955995082,5.903797626495361,6.244112014770508,8.834747626474053,,0.25955466682798756
Luke Farrell,TE,2500,SF,DEN@SF,0.0375705510377883,5.903968811035156,6.283538818359375,8.835149786730575,,0.2595358717607366
Davis Allen,TE,2500,LAR,LAR@PHI,0.0398519188165664,5.905838489532471,6.26631498336792,8.839542614619258,,0.2593305368828087
Max Klare,TE,2500,LAR,LAR@PHI,0.0459897443652153,5.906050682067871,6.255535125732422,8.84004121295526,,0.25930722675969664
Brenden Bates,TE,2500,JAX,JAX@CIN,0.040211871266365,5.90791654586792,6.279488563537598,8.844425954452344,,0.2591021989894893
Brevyn Spann-Ford,TE,2500,DAL,DAL@HOU,0.0363592468202114,5.9081130027771,6.234043121337891,8.844887669824317,,0.2590806057732756
Luke Musgrave,TE,2500,GB,GB@TB,0.0473675578832626,5.908584117889404,6.251368999481201,8.845994925616028,,0.25902881946066064
Nate Boerkircher,TE,2500,JAX,JAX@CIN,0.0402117073535919,5.909110069274902,6.257657051086426,8.8472311214572,,0.2589709978511643
Mark Redman,TE,2500,GB,GB@TB,0.0472346395254135,5.914186000823975,6.2883172035217285,8.859164784734396,,0.2584125563035106
Thomas Yassmin,TE,2500,GB,GB@TB,0.0380183234810829,5.915233612060547,6.2663421630859375,8.861628469071446,,0.2582972088261066
Quintin Morris,TE,2500,JAX,JAX@CIN,0.0435431189835071,5.916023254394531,6.2704758644104,8.86348564618294,,0.25821024434438694
Brayden Willis,TE,2500,SF,DEN@SF,0.0455218851566314,5.919515132904053,6.275002479553223,8.87169994291687,,0.25782546530224354
Josh Whyle,TE,2500,GB,GB@TB,0.0420037060976028,5.921092510223389,6.274921894073486,8.875411458298522,,0.25765153618508396
Khalil Dinkins,TE,2500,SF,DEN@SF,0.0447225086390972,5.921633243560791,6.2949538230896,8.876683913093903,,0.2575918960763028
Dan Villari,TE,2500,LAR,LAR@PHI,0.0420116372406482,5.922671318054199,6.265213489532471,8.879126894493528,,0.2574773785170141
Jake Tonges,TE,2500,SF,DEN@SF,0.0468090176582336,5.926793098449707,6.317034721374512,8.888829363247739,,0.2570223733728431
Eric Saubert,TE,2500,SEA,LAC@SEA,0.045500673353672,5.927571296691895,6.303598880767822,8.890661626530065,,0.25693641376555076
Jared Wiley,TE,2500,KC,KC@LV,0.055932380259037,5.927722454071045,6.32827091217041,8.891017541261801,,0.25691971496966226
Marlin Klein,TE,2500,HOU,DAL@HOU,0.055238950997591,5.9286394119262695,6.308522701263428,8.893176715969844,,0.2568184021340531
James Winchester,TE,2500,KC,KC@LV,0.0543132051825523,5.9309844970703125,6.330981254577637,8.898699569417772,,0.25655919046377174
Jack Stoll,TE,2500,SF,DEN@SF,0.0423167720437049,5.934001922607422,6.28583574295044,8.90580762053034,,0.2562254344956269
Tanner Koziol,TE,2500,JAX,JAX@CIN,0.0463411286473274,5.934399127960205,6.2946553230285645,8.906743453605573,,0.2561814807433713
John Michael Gyllenborg,TE,2500,KC,KC@LV,0.0534485839307308,5.935460567474365,6.3091020584106445,8.909244421491488,,0.2560640027686276
Zaire Mitchell-Paden,TE,2500,HOU,DAL@HOU,0.0547220930457115,5.936750888824463,6.302013397216797,8.912285015052946,,0.25592115006420296
Cade Stover,TE,2500,HOU,DAL@HOU,0.0519024729728698,5.940605640411377,6.319870948791504,8.921370766545378,,0.25549410927756183
Brevin Jordan,TE,2500,HOU,DAL@HOU,0.0584012418985366,5.944596767425537,6.3143744468688965,8.930781382565318,,0.25505152341963344
Jake Briningstool,TE,2500,KC,KC@LV,0.050771377980709,5.945908546447754,6.319003105163574,8.933875164269711,,0.2549059602304758
Nick Kallerup,TE,2500,SEA,LAC@SEA,0.0582396127283573,5.946353912353516,6.316754817962647,8.93492562825178,,0.25485652877939546
Elijah Arroyo,TE,2500,SEA,LAC@SEA,0.0534978732466697,5.947808265686035,6.320379257202148,8.938356244639719,,0.25469507082133824
Ben Yurosek,TE,2500,MIN,MIA@MIN,0.065673291683197,5.94872522354126,6.351110935211182,8.940519456348007,,0.2545932427573972
Tanner Hudson,TE,2500,CIN,JAX@CIN,0.0613810047507286,5.958086013793945,6.379393100738525,8.962613076154321,,0.25355239926209927
Erick All Jr.,TE,2500,CIN,JAX@CIN,0.0626022443175315,5.960156440734863,6.354625225067139,8.967502311589184,,0.2533218590728296
Andrew DePaola,TE,2500,MIN,MIA@MIN,0.0628216043114662,5.965246677398682,6.364313125610352,8.979526622506096,,0.2527545669704057
William Wagner,TE,2500,CIN,JAX@CIN,0.0583800598978996,5.969457149505615,6.372434616088867,8.989476910520478,,0.25228478814533256
Gavin Bartholomew,TE,2500,MIN,MIA@MIN,0.0670403689146041,5.97061824798584,6.388841152191162,8.992221510148376,,0.2521551551029362
Jack Endries,TE,2500,CIN,JAX@CIN,0.0601593479514122,5.97556734085083,6.397196292877197,9.003923363460622,,0.2516021947216183
Thomas Odukoya,TE,2500,KC,KC@LV,0.0584544651210308,5.976325035095215,6.363041877746582,9.005715346913668,,0.2515174793883766
Durham Smythe,TE,2500,BAL,TEN@BAL,0.0668359249830246,5.976763248443604,6.391208171844482,9.006751798000868,,0.2514684771099823
Cam Grandy,TE,2500,MIN,MIA@MIN,0.0568186491727829,5.97678804397583,6.385917663574219,9.006810444976743,,0.2514657042474249
Matt Hibner,TE,2500,BAL,TEN@BAL,0.0776641219854354,5.979822635650635,6.405255317687988,9.013988911954778,,0.25112622353343067
Josh Oliver,TE,2500,MIN,MIA@MIN,0.0652499049901962,5.980067253112793,6.404045581817627,9.014567650405494,,0.25109884731379295
Keleki Latu,TE,2500,BUF,NE@BUF,0.0778753086924552,5.986141204833984,6.425326824188232,9.028941994777718,,0.2504185700177813
Josh Cuevas,TE,2500,BAL,TEN@BAL,0.0769581794738769,5.993956565856934,6.409652233123779,9.047448830792625,,0.2495418078715425
Ty Pezza,TE,2500,BAL,TEN@BAL,0.0724708437919616,5.994301795959473,6.4252142906188965,9.04826663154082,,0.2495030409991914
Nick Vannett,TE,2500,BAL,TEN@BAL,0.0704290270805358,5.9978346824646,6.427722454071045,9.056636954606848,,0.2491061418592922
Jackson Hawes,TE,2500,BUF,NE@BUF,0.074780136346817,6.0118408203125,6.447034358978272,9.089846430239051,,0.2475294042269931
Brenton Strange,TE,3200,JAX,JAX@CIN,6.787576675415039,12.818199157714844,14.911489486694336,19.69680002665346,,0.18725485180307289
Brock Bowers,TE,6900,LV,KC@LV,0.0225070063024759,5.840175628662109,6.138291835784912,9.557032910908262,,0.155281423050308
Tony Pollard,RB,5400,TEN,TEN@BAL,12.831148147583008,22.11876106262207,25.355812072753903,34.013301164128876,,0.1275324602472523
Malik Washington,WR,4400,MIA,MIA@MIN,12.616395950317385,20.50096893310547,23.28480339050293,31.857520267210933,,0.09522830905518465
Caleb Douglas,WR,3900,MIA,MIA@MIN,0.0041131442412734,5.74600887298584,6.03188943862915,12.107891112181347,,-0.1881708446103093
Chris Bell,WR,3700,MIA,MIA@MIN,0.0063432203605771,5.764383316040039,6.037449836730957,12.164485769668255,,-0.19190201595145406
Calvin Ridley,WR,3700,TEN,TEN@BAL,0.0087879942730069,5.786335468292236,6.058992385864258,12.222720902529987,,-0.19516266139412167
Tre' Harris,WR,4100,LAC,LAC@SEA,0.0155201721936464,5.810628890991211,6.093550682067871,12.303879425919014,,-0.20090401360033192
Jalen McMillan,WR,3900,TB,GB@TB,0.024366371333599,5.87204122543335,6.180032730102539,12.43372742342224,,-0.20580549938515405
Ryan Flournoy,WR,3800,DAL,DAL@HOU,0.0312915332615375,5.873385429382324,6.199130058288574,12.440219742056845,,-0.20637864414066728
Marvin Mims Jr.,WR,3700,DEN,DEN@SF,0.0273043513298034,5.870126247406006,6.181721687316895,12.446054626584576,,-0.20774269259548273
Jalen Nailor,WR,3600,LV,KC@LV,0.0207521989941597,5.853890419006348,6.156748294830322,12.428909507788164,,-0.2086399148840574
Darnell Mooney,WR,3800,NYG,ARI@NYG,0.0312904641032218,5.891136646270752,6.224058628082275,12.487051529108086,,-0.20898224970830329
Malachi Fields,WR,4000,NYG,ARI@NYG,0.0325364209711551,5.892322063446045,6.23842191696167,12.49353335866543,,-0.20958423100624343
Makai Lemon,WR,4100,PHI,LAR@PHI,0.0379071459174156,5.88303804397583,6.213055610656738,12.486982407521674,,-0.2105124551512523
Pat Bryant,WR,4200,DEN,DEN@SF,0.0284359790384769,5.8593034744262695,6.1809611320495605,12.454076288316427,,-0.21082318754187981
Isaiah Williams,WR,3500,NYJ,NYJ@CHI,0.0234484113752841,5.84312915802002,6.142613410949707,12.439050559253134,,-0.21197921068490333
Rashid Shaheed,WR,3900,SEA,LAC@SEA,0.0509668365120887,5.927420139312744,6.298624038696289,12.57800424494239,,-0.21369505391545068
Kendrick Bourne,WR,3500,ARI,ARI@NYG,0.0232650227844715,5.856431484222412,6.158325672149658,12.475757282324983,,-0.21413603952615723
Kalif Raymond,WR,3600,CHI,NYJ@CHI,0.0380008742213249,5.889481067657471,6.238203525543213,12.525655663485574,,-0.214223781195924
Jayden Reed,WR,4200,GB,GB@TB,0.0435761027038097,5.902288436889648,6.255667209625244,12.561816445057094,,-0.21640499313451844
Cooper Kupp,WR,4100,SEA,LAC@SEA,0.0516330674290657,5.927982330322266,6.299189567565918,12.60117281120743,,-0.21654514101232086
DeMario Douglas,WR,3500,NE,NE@BUF,0.0361320115625858,5.886168003082275,6.2265238761901855,12.557966905918866,,-0.21897715497170522
Jauan Jennings,WR,3800,MIN,MIA@MIN,0.0599054470658302,5.967177867889404,6.366223812103272,12.688441432872848,,-0.22023436333867025
Brian Thomas Jr.,WR,4300,JAX,JAX@CIN,0.0431299544870853,5.903109073638916,6.257256507873535,12.598487949731682,,-0.22092929936869526
Brandin Cooks,WR,3600,SF,DEN@SF,0.0396694391965866,5.9345316886901855,6.292219161987305,12.648536413620715,,-0.22134537838221285
Troy Franklin,WR,3400,DEN,DEN@SF,0.0309490449726581,5.870306015014648,6.188434600830078,12.569570236886612,,-0.22347239896182472
Adonai Mitchell,WR,4500,NYJ,NYJ@CHI,0.0184529796242713,5.836941242218018,6.1517767906188965,12.530816266990596,,-0.22486687720007367
Keon Coleman,WR,4000,BUF,NE@BUF,0.073248952627182,6.005886554718018,6.414811134338379,12.786666009217665,,-0.22541437538004597
Xavier Hutchinson,WR,4300,HOU,DAL@HOU,0.0558730624616146,5.943398475646973,6.31777811050415,12.698698493183104,,-0.22606238047492366
Jack Bech,WR,3300,LV,KC@LV,0.0217429995536804,5.83766508102417,6.141232490539551,12.547848357575251,,-0.22690306827634057
Marvin Harrison Jr.,WR,4500,ARI,ARI@NYG,0.0204221084713935,5.855712890625,6.165058612823486,12.576321180388415,,-0.22710721961198682
Rashod Bateman,WR,4200,BAL,TEN@BAL,0.0774934366345405,5.987732410430908,6.39980411529541,12.777037782346142,,-0.22763550186287118
Konata Mumpfield,WR,3400,LAR,LAR@PHI,0.0381230749189853,5.910577297210693,6.245767116546631,12.683115746200501,,-0.2303108189044451
Kayshon Boutte,WR,4400,HOU,DAL@HOU,0.051841489970684,5.9545111656188965,6.322645664215088,12.767784241966668,,-0.2327677420404228
Hollywood Brown,WR,3300,PHI,LAR@PHI,0.0326361805200576,5.880711555480957,6.214076042175293,12.671236562040031,,-0.23447029039472767
Tyquan Thornton,WR,3400,KC,KC@LV,0.0482399389147758,5.941410064697266,6.344707489013672,12.770310164532688,,-0.23557979953666475
Jaylin Noel,WR,3400,HOU,DAL@HOU,0.0457355305552482,5.951643943786621,6.328317642211914,12.79930043771893,,-0.23733492052947575
Jahdae Walker,WR,3300,CHI,NYJ@CHI,0.0332509726285934,5.902401447296143,6.256780624389648,12.733582268451917,,-0.23830539303824683
Jordan Watkins,WR,3300,SF,DEN@SF,0.040981501340866,5.917502880096436,6.281879425048828,12.77705754871729,,-0.2409841740561651
Carnell Tate,WR,4800,TEN,TEN@BAL,0.0055205728858709,5.790731430053711,6.06573486328125,12.618025346296797,,-0.24477860409544755
Xavier Worthy,WR,4600,KC,KC@LV,0.0532177127897739,5.946213722229004,6.344138145446777,12.853059600693086,,-0.2452279543332591
Romeo Doubs,WR,4700,NE,NE@BUF,0.0345321372151374,5.88133430480957,6.225750923156738,12.761044149221142,,-0.24581377620600375
Devontez Walker,WR,3400,BAL,TEN@BAL,0.075525552034378,6.003978252410889,6.412172794342041,12.947925561169935,,-0.24635801880286412
Kyle Williams,WR,3200,NE,NE@BUF,0.0310975089669227,5.889075756072998,6.214542388916016,12.78611878624623,,-0.24754280952919283
Quentin Johnston,WR,4800,LAC,LAC@SEA,0.0150128835812211,5.820713520050049,6.100380420684815,12.688666663742863,,-0.24809662937944826
Skyy Moore,WR,3200,GB,GB@TB,0.0422714948654174,5.903358936309815,6.259539604187012,12.828037549315066,,-0.2501784352247969
AJ Henning,WR,3000,MIA,MIA@MIN,0.0003568799293134,5.750593185424805,6.023458480834961,12.607421864513226,,-0.2510530359430174
Jordan Whittington,WR,3200,LAR,LAR@PHI,0.0415610820055007,5.908437252044678,6.266103744506836,12.842953659015617,,-0.2511170629780844
Cody White,WR,3100,LV,KC@LV,0.0194483287632465,5.83470630645752,6.136521339416504,12.734284311070484,,-0.25125951616185244
Will Sheppard,WR,3000,MIA,MIA@MIN,0.0031920024193823,5.756229400634766,6.030594825744629,12.624506906487765,,-0.25216245592796405
Jalen Tolbert,WR,3000,MIA,MIA@MIN,0.0026611306238919,5.758916854858398,6.041413307189941,12.632656497679434,,-0.2526918465196221
Kevin Coleman Jr.,WR,3000,MIA,MIA@MIN,0.0,5.760960102081299,6.038898944854736,12.638853902906304,,-0.25309450900868247
Ted Hurst III,WR,3100,TB,GB@TB,0.0230061821639537,5.845612049102783,6.149264335632324,12.766837159125611,,-0.2533416378593701
Chimere Dike,WR,3000,TEN,TEN@BAL,0.0071050571277737,5.772477149963379,6.056832313537598,12.673808078273495,,-0.25536693368481217
Jalen Reagor,WR,3000,MIA,MIA@MIN,0.0054864673875272,5.776355266571045,6.042916297912598,12.685586376208402,,-0.2561331746314828
Ryan Miller,WR,3000,MIA,MIA@MIN,0.0052476152777671,5.776405811309815,6.050379753112793,12.685739913833777,,-0.256143164778292
Khalil Shakir,WR,4700,BUF,NE@BUF,0.0692939162254333,5.975360870361328,6.38532304763794,12.98627714353361,,-0.2566910352443252
Xavier Restrepo,WR,3000,TEN,TEN@BAL,0.005453816615045,5.779425144195557,6.05699634552002,12.694912885742514,,-0.2567400969566317
Joshua Palmer,WR,3300,BUF,NE@BUF,0.0702702328562736,6.010196208953857,6.4151105880737305,13.045087160311727,,-0.25757678000927275
Tyren Montgomery,WR,3000,TEN,TEN@BAL,0.0086073651909828,5.784697532653809,6.063411235809326,12.710936803005453,,-0.257783229511767
Cyrus Allen,WR,3200,KC,KC@LV,0.0483566224575042,5.948692321777344,6.329538345336914,12.961412588815698,,-0.2585856466805673
Darius Cooper,WR,3100,PHI,LAR@PHI,0.0326314531266689,5.878039836883545,6.220806121826172,12.863812578206971,,-0.25955582216045975
Elic Ayomanor,WR,3000,TEN,TEN@BAL,0.0083736982196569,5.795455932617188,6.072017192840576,12.743657379551317,,-0.25991475825031984
KeAndre Lambert-Smith,WR,3000,LAC,LAC@SEA,0.0098937107250094,5.803890705108643,6.09393310546875,12.769332798426177,,-0.2615887111800338
Derius Davis,WR,3000,LAC,LAC@SEA,0.012952109798789,5.804396152496338,6.095799446105957,12.77087198728486,,-0.2616890992376658
K.J. Osborn,WR,3000,TEN,TEN@BAL,0.0044740182347595,5.805326461791992,6.06642484664917,12.773705145497,,-0.26187389299267777
Courtland Sutton,WR,4900,DEN,DEN@SF,0.0303614698350429,5.856313228607178,6.181253910064697,12.85005417840134,,-0.2619287263029237
Theo Wease Jr.,WR,3000,LAC,LAC@SEA,0.011480763554573,5.806114196777344,6.096165657043457,12.776104290523122,,-0.262030389423755
Chris Godwin Jr.,WR,4900,TB,GB@TB,0.0306313801556825,5.861403942108154,6.175081729888916,12.862001345835255,,-0.2624860822340241
Odell Beckham Jr.,WR,3100,NYG,ARI@NYG,0.0377465337514877,5.893567085266113,6.251010417938232,12.910341250329727,,-0.26254337663166927
Gary Jennings,WR,3000,LAC,LAC@SEA,0.016176613047719,5.809399127960205,6.101289749145508,12.786110751902257,,-0.26268322369324376
Brenen Thompson,WR,3000,LAC,LAC@SEA,0.0188770592212677,5.81647253036499,6.104506492614746,12.80766734170193,,-0.2640902142899621
Corey Rucker,WR,3000,LV,KC@LV,0.0162505581974983,5.820303916931152,6.134025096893311,12.819349273332072,,-0.2648530367366955
Marquez Valdes-Scantling,WR,3000,LAC,LAC@SEA,0.0148520395159721,5.822327613830566,6.112245559692383,12.825521116471133,,-0.26525615209338027
Arian Smith,WR,3000,NYJ,NYJ@CHI,0.0225959382951259,5.826500415802002,6.1304030418396,12.838250695174326,,-0.2660878008316546
Jacob Cowing,WR,3100,SF,DEN@SF,0.0435063354671001,5.91962480545044,6.278603076934815,12.988560028824239,,-0.2675742590991671
Chris Moore,WR,3200,BAL,TEN@BAL,0.0673006847500801,5.997162342071533,6.405054092407227,13.104554017116959,,-0.26764323444416843
Justin Shorter,WR,3000,LV,KC@LV,0.0187043733894824,5.83679723739624,6.1527276039123535,12.869681896105408,,-0.26814248761063564
Omar Cooper Jr.,WR,3000,NYJ,NYJ@CHI,0.0217500906437635,5.83721399307251,6.127618312835693,12.870954635401189,,-0.26822572426648006
Sterling Shepard,WR,3000,NYJ,NYJ@CHI,0.0199064165353775,5.838016033172607,6.149023532867432,12.873404131232354,,-0.26838592830715896
Dont'e Thornton Jr.,WR,3000,LV,KC@LV,0.021486883983016,5.839475154876709,6.147890090942383,12.877860839502683,,-0.2686774366483784
Tyler Johnson,WR,3000,NYJ,NYJ@CHI,0.0208918191492557,5.841001033782959,6.154966831207275,12.8825220447781,,-0.2689823579510934
Tez Johnson,WR,3000,TB,GB@TB,0.0265421196818351,5.843451499938965,6.150343418121338,12.890008920819268,,-0.2694722048075873
Dareke Young,WR,3000,LV,KC@LV,0.021690359339118,5.8438496589660645,6.15036678314209,12.891225558552152,,-0.26955181545123663
Garrett Greene,WR,3000,TB,GB@TB,0.0295292232185602,5.845146656036377,6.171078205108643,12.895189024039434,,-0.2698111824687792
Ronnie Bell,WR,3000,LV,KC@LV,0.0192311275750398,5.845480918884277,6.156605243682861,12.896210561657888,,-0.2698780357456947
Harrison Wallace III,WR,3000,ARI,ARI@NYG,0.0223829187452793,5.845907211303711,6.160120010375977,12.897513392174877,,-0.26996330051373396
Simi Fehoko,WR,3000,ARI,ARI@NYG,0.0206504873931407,5.845938682556152,6.161242961883545,12.89760957616699,,-0.2699695954672497
Braelon Allen,RB,5200,NYJ,NYJ@CHI,10.2,19.8,23.8,33.67623129975603,,-0.2700969051180335
Dean Patterson IV,WR,3000,TB,GB@TB,0.0177774224430322,5.846752643585205,6.165210247039795,12.900097333419044,,-0.2701324172728699
Tim Patrick,WR,3000,NYJ,NYJ@CHI,0.0252459179610013,5.847038745880127,6.158455848693848,12.900971805691517,,-0.2701896533560485
Jamaal Pritchett,WR,3000,NYJ,NYJ@CHI,0.0223455801606178,5.8503289222717285,6.149802207946777,12.911029764133897,,-0.2708480632377416
Jalen Brooks,WR,3000,ARI,ARI@NYG,0.0257900208234787,5.851794719696045,6.163319110870361,12.91551156114101,,-0.2711415049392116
Deven Thompkins,WR,3000,LV,KC@LV,0.0276459231972694,5.853525638580322,6.151666164398193,12.920804704934469,,-0.27148811335420375
Malik Benson,WR,3000,LV,KC@LV,0.0241662114858627,5.85450553894043,6.1549153327941895,12.923801580071872,,-0.27168437763733944
Malik McClain,WR,3000,NYJ,NYJ@CHI,0.0239685382694005,5.8558735847473145,6.163142681121826,12.927985953284807,,-0.2719584365130193
Reggie Virgil,WR,3000,ARI,ARI@NYG,0.0282295495271682,5.855964660644531,6.177372932434082,12.92826453971654,,-0.2719766838197717
Kameron Johnson,WR,3000,TB,GB@TB,0.0274220257997512,5.856385707855225,6.171720504760742,12.929552482805459,,-0.2720610453362986
Efton Chism III,WR,3000,NE,NE@BUF,0.032674454152584,5.857038497924805,6.19465970993042,12.931549395466181,,-0.2721918506585341
David Sills V,WR,3000,TB,GB@TB,0.0276107955724,5.857508659362793,6.170351505279541,12.932987707385227,,-0.27228606974842107
Devin Duvernay,WR,3000,ARI,ARI@NYG,0.0227298997342586,5.8602294921875,6.160243511199951,12.941312362261543,,-0.2728314599698305
Lil'Jordan Humphrey,WR,3000,DEN,DEN@SF,0.0252730585634708,5.861579418182373,6.180959701538086,12.945443299684625,,-0.27310214244038056
Ihmir Smith-Marsette,WR,3000,ARI,ARI@NYG,0.0298663154244422,5.863198280334473,6.162390232086182,12.95039783127789,,-0.2734268297851728
Eric Rivers Jr.,WR,3000,TB,GB@TB,0.0231988541781902,5.865534782409668,6.171069145202637,12.957549886098768,,-0.2738956018662648
Kolbe Katsis,WR,3000,DEN,DEN@SF,0.0292269736528396,5.866686820983887,6.17988395690918,12.961076801371432,,-0.2741268008492027
Johnny Wilson,WR,3000,PHI,LAR@PHI,0.0285743549466133,5.867631912231445,6.18939208984375,12.963970409885594,,-0.27431650056127055
Elijah Moore,WR,3000,PHI,LAR@PHI,0.0294450893998146,5.868075847625732,6.207597255706787,12.965329696285641,,-0.2744056177947521
KaVontae Turpin,WR,3000,DAL,DAL@HOU,0.0317202657461166,5.870901107788086,6.210897445678711,12.973981542744303,,-0.2749729213732927
Britain Covey,WR,3000,PHI,LAR@PHI,0.0315902270376682,5.871422290802002,6.190335273742676,12.97557779342159,,-0.2750776016950066
Jordan Hudson,WR,3000,DAL,DAL@HOU,0.029256822541356,5.871922969818115,6.206494331359863,12.977111310720154,,-0.27517817207407436
Jeremiah Webb,WR,3000,NE,NE@BUF,0.034202579408884,5.873696327209473,6.209227561950684,12.982543395968209,,-0.2755344482543041
Cameron Dorner,WR,3000,NE,NE@BUF,0.0295852366834878,5.87470006942749,6.219864368438721,12.98561837769912,,-0.2757361501960596
A.J. Brown,WR,3000,NE,NE@BUF,0.0299894213676452,5.874901294708252,6.207656383514404,12.986234865636554,,-0.27577659033472873
Anthony Smith,WR,3000,DAL,DAL@HOU,0.0344611294567585,5.8755645751953125,6.207293510437012,12.98826701121675,,-0.2759098987536712
Michael Bandy,WR,3000,DEN,DEN@SF,0.0265484787523746,5.875651836395264,6.185507774353027,12.988534368658408,,-0.2759274378737653
Dane Key,WR,3000,DEN,DEN@SF,0.0281103067100048,5.8760480880737305,6.194921970367432,12.98974845872221,,-0.2760070858324392
Chandler Brayboy,WR,3000,NE,NE@BUF,0.0302482657134532,5.878145217895508,6.212705135345459,12.996174594594633,,-0.27642870077845433
Kyle Dixon,WR,3000,NE,NE@BUF,0.0351008549332618,5.88273286819458,6.217325210571289,13.010236194443689,,-0.277351514574564
Jalin Hyatt,WR,3000,NYG,ARI@NYG,0.0369187891483306,5.884121894836426,6.234519958496094,13.014494745712735,,-0.27763105342105204
Brennan Presley,WR,3000,LAR,LAR@PHI,0.0388020500540733,5.885118007659912,6.234637260437012,13.017548980329382,,-0.2778315573413667
Rome Odunze,WR,5000,CHI,NYJ@CHI,0.0401174426078796,5.906773567199707,6.240013122558594,13.050729721770011,,-0.27795096108929346
Gunner Olszewski,WR,3000,NYG,ARI@NYG,0.0356509611010551,5.888434886932373,6.2180352210998535,13.027720839835036,,-0.2784994295078566
Calvin Austin III,WR,3000,NYG,ARI@NYG,0.0314401984214782,5.888456344604492,6.23963737487793,13.027786652984537,,-0.27850375127836535
Xavier Gipson,WR,3000,PHI,LAR@PHI,0.0340457409620285,5.888823509216309,6.222074031829834,13.028912807002778,,-0.2785777038588336
Dalen Cambre,WR,3000,NYG,ARI@NYG,0.0419880896806716,5.892024517059326,6.235068321228027,13.03873225422464,,-0.27922261862872144
Braxton Berrios,WR,3000,NYG,ARI@NYG,0.0299079306423664,5.8921403884887695,6.240015983581543,13.039087750834822,,-0.2792459696671973
Charlie Jones,WR,3000,NYG,ARI@NYG,0.0438705682754516,5.892675876617432,6.2397332191467285,13.040730686204459,,-0.2793538897052722
Camden Brown,WR,3000,DAL,DAL@HOU,0.0368369258940219,5.892846584320068,6.22272253036499,13.041254450934689,,-0.27938829534579945
Jonathan Mingo,WR,3000,DAL,DAL@HOU,0.0382835045456886,5.892908573150635,6.225616455078125,13.041444646634572,,-0.2794007892443129
Josh Cameron,WR,3000,JAX,JAX@CIN,0.0452857911586761,5.893352508544922,6.253354549407959,13.042806768529335,,-0.279490268362145
Bo Melton,WR,3000,GB,GB@TB,0.0442220866680145,5.8953070640563965,6.247115612030029,13.048804494445603,,-0.2798843011050082
Savion Williams,WR,3000,GB,GB@TB,0.0423493795096874,5.895338535308838,6.235861778259277,13.048901074560398,,-0.2798906466142871
J. Michael Sturdivant,WR,3000,GB,GB@TB,0.0437476076185703,5.896783351898193,6.25808572769165,13.053335245815687,,-0.28018199712340164
Xavier Smith,WR,3000,LAR,LAR@PHI,0.0343280844390392,5.897658348083496,6.223336696624756,13.056020879709934,,-0.2803584743521418
Zavion Thomas,WR,3000,CHI,NYJ@CHI,0.0358918160200119,5.897820472717285,6.278100490570068,13.056518511288344,,-0.2803911758025403
JP Richardson,WR,3000,CHI,NYJ@CHI,0.0424758158624172,5.898683547973633,6.256952285766602,13.059167777757898,,-0.280565276990501
Alex Bachman,WR,3000,LAR,LAR@PHI,0.0424975492060184,5.899109363555908,6.25387716293335,13.060474915074098,,-0.28065118203667494
Travis Hunter,WR,3000,JAX,JAX@CIN,0.0480236932635307,5.89970064163208,6.26727294921875,13.062290051745652,,-0.2807704774225597
Will Pauling,WR,3000,SF,DEN@SF,0.0428027287125587,5.902074337005615,6.263923168182373,13.069577821436257,,-0.28124950225032835
Tutu Atwell,WR,3000,LAR,LAR@PHI,0.0372266247868537,5.903462886810303,6.253210544586182,13.073841624496415,,-0.28152980198098815
Tre Tucker,WR,5100,LV,KC@LV,0.0219579301774501,5.836948394775391,6.147761821746826,12.976484134722748,,-0.28174456132659653
Isaiah Neyor,WR,3000,GB,GB@TB,0.0435359254479408,5.907284259796143,6.238002777099609,13.085578332757288,,-0.28230151832125255
Kaden Davis,WR,3000,CHI,NYJ@CHI,0.0398041605949401,5.908829212188721,6.264726638793945,13.090324420032404,,-0.28261364816713896
Austin Trammell,WR,3000,JAX,JAX@CIN,0.0451708137989044,5.909142017364502,6.248370170593262,13.091285427897482,,-0.2826768539750582
Trebor Pena,WR,3000,JAX,JAX@CIN,0.0385275483131408,5.910985946655273,6.276731014251709,13.096950883452031,,-0.28304950318566663
Christian Kirk,WR,3000,SF,DEN@SF,0.0428273156285285,5.912558078765869,6.284098148345947,13.101781905674137,,-0.28336730785515146
Brandon Aiyuk,WR,3000,SF,DEN@SF,0.0511219538748264,5.9127936363220215,6.292008876800537,13.102505805455165,,-0.28341493222127406
Wesley Grimes,WR,3000,SF,DEN@SF,0.0345109291374683,5.913827896118164,6.262792587280273,13.105684385052667,,-0.2836240565562111
Ricky White III,WR,3000,SEA,LAC@SEA,0.0466851852834224,5.91416072845459,6.2816243171691895,13.106707330988735,,-0.2836913614207079
CJ Daniels,WR,3000,LAR,LAR@PHI,0.0352998822927475,5.914485931396484,6.24193286895752,13.107706854569024,,-0.2837571268319731
CJ Williams,WR,3000,JAX,JAX@CIN,0.036810640245676,5.920004367828369,6.282070159912109,13.12467192859378,,-0.28487361794921146
KhaDarel Hodge,WR,3000,SF,DEN@SF,0.0427711009979248,5.921556949615479,6.273495674133301,13.129446300898271,,-0.28518790785448533
Jake Bobo,WR,3000,SEA,LAC@SEA,0.0506795793771743,5.925670623779297,6.289798259735107,13.142099174294973,,-0.28602100338152986
Michael Wortham,WR,3000,JAX,JAX@CIN,0.0488053523004055,5.925985813140869,6.282504081726074,13.143068806127213,,-0.2860848567549646
Tim Jones,WR,3000,JAX,JAX@CIN,0.0436853691935539,5.9273881912231445,6.289090633392334,13.147383300076545,,-0.28636899811528055
Bryce Oliver,WR,3000,HOU,DAL@HOU,0.0543854236602783,5.928313255310059,6.322338581085205,13.15022957221336,,-0.2865564623342589
Ricky Pearsall,WR,3000,SF,DEN@SF,0.0493770539760589,5.930348873138428,6.292942523956299,13.15649356817587,,-0.28696907342857586
Montorie Foster Jr.,WR,3000,SEA,LAC@SEA,0.0530320852994918,5.930677890777588,6.3157830238342285,13.157506114246036,,-0.28703577592465535
Demarcus Robinson,WR,3000,SF,DEN@SF,0.047547310590744,5.931677341461182,6.288267135620117,13.160582066892937,,-0.28723841732772376
Jimmy Holiday,WR,3000,KC,KC@LV,0.053077645599842,5.9322919845581055,6.330656051635742,13.162473838945445,,-0.2873630532227728
Irvin Charles,WR,3000,SEA,LAC@SEA,0.0458523705601692,5.933100700378418,6.334677219390869,13.164963074442317,,-0.2875270604709182
Tank Dell,WR,3000,HOU,DAL@HOU,0.0495779477059841,5.933331489562988,6.295487403869629,13.165673474845844,,-0.28757386812130864
Nikko Remigio,WR,3000,KC,KC@LV,0.0543436296284198,5.93410062789917,6.331787586212158,13.168041079699508,,-0.2877298732252176
Lewis Bond,WR,3000,HOU,DAL@HOU,0.0453778244554996,5.935052871704102,6.332458972930908,13.170972527695447,,-0.28792304301457383
Quincy Skinner Jr.,WR,3000,GB,GB@TB,0.0445457845926284,5.935145854949951,6.280660152435303,13.171258784952744,,-0.28794190685698445
De'Zhaun Stribling,WR,3000,SF,DEN@SF,0.0440229922533035,5.93545389175415,6.293421268463135,13.17220711874346,,-0.288004401279747
Emmanuel Henderson Jr.,WR,3000,SEA,LAC@SEA,0.0493854880332946,5.935784816741943,6.313586711883545,13.173225942423908,,-0.28807154250025313
Jared Wayne,WR,3000,HOU,DAL@HOU,0.0528390035033226,5.936296463012695,6.320321083068848,13.17480120729375,,-0.2881753568021328
Julian Hicks,WR,3000,SEA,LAC@SEA,0.0514914020895957,5.936394214630127,6.307488918304443,13.175102173733206,,-0.28819519176344577
Tory Horton,WR,3000,SEA,LAC@SEA,0.0517319589853286,5.9373393058776855,6.310201168060303,13.17801212389594,,-0.2883869771034107
Mitch Tinsley,WR,3000,HOU,DAL@HOU,0.0538279190659523,5.938217639923096,6.325373649597168,13.180716720143048,,-0.2885652401173619
Daniel Sobkowicz,WR,3000,HOU,DAL@HOU,0.0489729568362236,5.939993858337402,6.330805778503418,13.186186678807541,,-0.28892580625251774
Jeff Caldwell,WR,3000,KC,KC@LV,0.055892314761877,5.940362453460693,6.324135780334473,13.187321881845953,,-0.28900064187913643
Jalen Royals,WR,3000,KC,KC@LV,0.0520361438393592,5.942678451538086,6.321038722991943,13.194455461313064,,-0.28947095251571986
Omari Evans,WR,3000,KC,KC@LV,0.0501452572643756,5.943280220031738,6.341389656066895,13.196309197758268,,-0.28959318069822615
Jordan Moore,WR,3000,CIN,JAX@CIN,0.0523771047592163,5.94713020324707,6.35410213470459,13.208171045095504,,-0.29037543112671027
Andrew Armstrong,WR,3000,KC,KC@LV,0.0572999492287635,5.950628280639648,6.328632831573486,13.218951728555593,,-0.29108657118879633
Jayden Higgins,WR,3000,HOU,DAL@HOU,0.0524661168456077,5.952228546142578,6.337862968444824,13.22388453731672,,-0.29141202015949663
Myles Price,WR,3000,MIN,MIA@MIN,0.0561712570488452,5.953247547149658,6.366599559783936,13.227025918301393,,-0.29161929668607695
Josh Kelly,WR,3000,HOU,DAL@HOU,0.0564684569835662,5.95431661605835,6.3182244300842285,13.230321913273816,,-0.2918367913481585
Jeshaun Jones,WR,3000,MIN,MIA@MIN,0.063804030418396,5.963038921356201,6.355114459991455,13.257223316375354,,-0.2936125707630332
Noah Thomas,WR,3000,CIN,JAX@CIN,0.0624113641679286,5.963386535644531,6.381075382232666,13.258295802173862,,-0.29368338912304426
Dillon Bell,WR,3000,MIN,MIA@MIN,0.0584747456014156,5.963411808013916,6.371387004852295,13.258373775498344,,-0.29368853792410926
Dohnte Meyers,WR,3000,CIN,JAX@CIN,0.0679986029863357,5.964150905609131,6.353003025054932,13.2606541937174,,-0.29383912452712635
Michael Briscoe,WR,3000,MIN,MIA@MIN,0.0559286102652549,5.97274923324585,6.38702392578125,13.287192940620987,,-0.2955921796272357
Ke'Shawn Williams,WR,3000,CIN,JAX@CIN,0.0626423954963684,5.973915100097656,6.3852643966674805,13.290792717012328,,-0.29583004974928484
Shedrick Jackson,WR,3000,BAL,TEN@BAL,0.0656664818525314,5.974479675292969,6.3963236808776855,13.292536035141076,,-0.2959452536964225
Andrei Iosivas,WR,3000,CIN,JAX@CIN,0.0676931887865066,5.975937366485596,6.387205123901367,13.297037495187467,,-0.2962427454004115
Colbie Young,WR,3000,CIN,JAX@CIN,0.0685225427150726,5.977689266204834,6.396073341369629,13.302448145260913,,-0.2966003636170644
Stephen Gosnell,WR,3000,BUF,NE@BUF,0.0646481066942215,5.982104778289795,6.4083757400512695,13.316088371829,,-0.2975021114868816
Ja'Kobi Lane,WR,3000,BAL,TEN@BAL,0.0703765973448753,5.984097957611084,6.412689685821533,13.322247096787951,,-0.2979093520587815
Gage Larvadain,WR,3000,BAL,TEN@BAL,0.0746729001402854,5.984649181365967,6.408717632293701,13.323950484561887,,-0.29802199708962446
Greg Dortch,WR,3000,BUF,NE@BUF,0.0698075592517852,5.986657619476318,6.408847332000732,13.330157536803178,,-0.29843250578335107
LaJohntay Wester,WR,3000,BAL,TEN@BAL,0.0705143362283706,5.987581253051758,6.420920848846436,13.333012325462938,,-0.29862132878548964
Tyrell Shavers,WR,3000,BUF,NE@BUF,0.0718131065368652,5.987940311431885,6.404461860656738,13.334122164480808,,-0.29869473961612997
Elijah Sarratt,WR,3000,BAL,TEN@BAL,0.077598825097084,5.988775253295898,6.417208671569824,13.336703059776953,,-0.29886546119002794
Skyler Bell,WR,3000,BUF,NE@BUF,0.0701471269130706,5.993035316467285,6.423600196838379,13.349873857507838,,-0.2997368383992754
Tai Felton,WR,3000,MIN,MIA@MIN,0.0667013451457023,5.993071556091309,6.3842315673828125,13.349985917000566,,-0.2997442533248707
Ja'Mori Maclin,WR,3000,BUF,NE@BUF,0.0634664595127105,5.993131637573242,6.4268646240234375,13.350171700503857,,-0.2997565465752333
Xavier Guillory,WR,3000,BAL,TEN@BAL,0.0733274817466735,5.998408317565918,6.434459686279297,13.366491416760924,,-0.30083661538281253
Trent Sherfield Sr.,WR,3000,BUF,NE@BUF,0.0730936378240585,5.9993438720703125,6.432525157928467,13.369385560191365,,-0.301028195690332
Matthew Golden,WR,5400,GB,GB@TB,0.0386398360133171,5.899702072143555,6.251858234405518,13.414140644963512,,-0.3256756757696297
Michael Wilson,WR,5500,ARI,ARI@NYG,0.0260818917304277,5.844753265380859,6.142873764038086,13.396528450204912,,-0.3338701520924517
Deebo Samuel Sr.,WR,5600,SF,DEN@SF,0.0406679734587669,5.906948089599609,6.268276691436768,13.647774575402652,,-0.3541165582870293
Ollie Gordon II,RB,5500,MIA,MIA@MIN,9.8,19.2,23.0,33.485407509993735,,-0.35976441634753087
Ladd McConkey,WR,5800,LAC,LAC@SEA,0.0100687406957149,5.806745052337647,6.093546390533447,13.658295727488184,,-0.37450153572028183
DJ Moore,WR,5700,BUF,NE@BUF,0.0689152255654335,6.000133037567139,6.433600425720215,13.971545406960534,,-0.37772979730462414
Emeka Egbuka,WR,5900,TB,GB@TB,0.0280959382653236,5.8716301918029785,6.185266494750977,13.924979767130695,,-0.39620697221308104
DJ Herman,RB,4000,MIA,MIA@MIN,0.084083154797554,6.023472309112549,6.417532444000244,14.204631595265562,,-0.40304247336473875
Jarquez Hunter,RB,4000,MIA,MIA@MIN,0.0845011547207832,6.025788307189941,6.411751747131348,14.211097887476324,,-0.4034276204444612
Carlos Washington Jr.,RB,4000,MIA,MIA@MIN,0.0875665545463562,6.040011882781982,6.432714462280273,14.250831176414334,,-0.405795648698079
Kalel Mullings,RB,4000,TEN,TEN@BAL,0.0957024842500686,6.077352046966553,6.507212162017822,14.355308830297899,,-0.41203378809874075
Nick Singleton,RB,4000,TEN,TEN@BAL,0.1041829884052276,6.080204010009766,6.505391597747803,14.363298499778686,,-0.4125115058148864
Julius Chestnut,RB,4000,TEN,TEN@BAL,0.1004373282194137,6.0843825340271,6.538198471069336,14.375006982929412,,-0.4132117482757103
Michael Carter,RB,4000,TEN,TEN@BAL,0.1017802730202674,6.084481716156006,6.518690586090088,14.375284933458401,,-0.4132283739473504
Christian McCaffrey,RB,7700,SF,DEN@SF,0.2797653675079345,6.466916561126709,10.76733684539795,14.952963346283674,12.5,-0.41427901995410454
Malik Nabers,WR,6000,NYG,ARI@NYG,0.0412880256772041,5.908549785614014,6.253937721252441,14.13243257177115,,-0.4156673963274092
Amar Johnson,RB,4000,LAC,LAC@SEA,0.1307964622974395,6.10759162902832,6.606030464172363,14.44009396881808,,-0.4171080073830853
Alec Ingold,RB,4000,LAC,LAC@SEA,0.1266715228557586,6.116707801818848,6.609908580780029,14.465683742179165,,-0.41864153898443174
Scott Matlock,RB,4000,LAC,LAC@SEA,0.1230347454547882,6.1227545738220215,6.637246608734131,14.482665051472795,,-0.41965969929543007
Gregory Desrosiers,RB,4000,LAC,LAC@SEA,0.123887687921524,6.132554531097412,6.636843681335449,14.510199258847116,,-0.4213114484920323
Kimani Vidal,RB,4000,LAC,LAC@SEA,0.1376878321170807,6.14158296585083,6.665039539337158,14.535579605573954,,-0.422834925097496
Keaton Mitchell,RB,4300,LAC,LAC@SEA,0.1251192986965179,6.112605571746826,6.64524507522583,14.516830482804364,,-0.4259487920020065
Dare Ogunbowale,RB,4000,LV,KC@LV,0.1567168235778808,6.188046932220459,6.793950080871582,14.666402666251024,,-0.43070158511147727
Chip Trayanum,RB,4000,NYJ,NYJ@CHI,0.1533373296260833,6.20035982131958,6.768949031829834,14.701127073834265,,-0.43279344672271913
Chris Collier,RB,4000,LV,KC@LV,0.1619458198547363,6.208799839019775,6.798218250274658,14.724942707750532,,-0.4342290449728542
Trey Benson,RB,4000,ARI,ARI@NYG,0.1688222736120224,6.208875179290772,6.846732139587402,14.72515534792557,,-0.4342418661255223
Tee Higgins,WR,6100,CIN,JAX@CIN,0.0552367344498634,5.94564962387085,6.344093322753906,14.342956022071268,,-0.43548546333098137
Evan Hull,RB,4000,ARI,ARI@NYG,0.1660651415586471,6.217241287231445,6.8571600914001465,14.748773152415476,,-0.43566626161855393
Connor Heyward,RB,4000,LV,KC@LV,0.1510305404663086,6.219009399414063,6.876574516296387,14.753765938930925,,-0.435967468405295
Bam Knight,RB,4000,ARI,ARI@NYG,0.1637100875377655,6.221346378326416,6.847391128540039,14.760365806297848,,-0.43636567610158106
Kene Nwangwu,RB,4000,NYJ,NYJ@CHI,0.1616871505975723,6.2213544845581055,6.84724235534668,14.76038870054517,,-0.4363670575378655
Roman Hemby,RB,4000,LV,KC@LV,0.1532542109489441,6.22208309173584,6.86258602142334,14.762446529426075,,-0.43649122939463714
Mike Washington Jr.,RB,4100,LV,KC@LV,0.1505618393421173,6.219419002532959,6.855636119842529,14.76176381982626,,-0.4369103707898936
James Conner,RB,4000,ARI,ARI@NYG,0.1803079843521118,6.225569725036621,6.897974967956543,14.772295036286524,,-0.43708557378334745
Andrew Beck,RB,4000,NYJ,NYJ@CHI,0.16270212829113,6.225715637207031,6.87489128112793,14.772707226045407,,-0.4371104515449297
Al-Jay Henderson,RB,4000,NYJ,NYJ@CHI,0.163117229938507,6.230464458465576,6.876026630401611,14.786123976436313,,-0.4379203371340535
Isaiah Davis,RB,4200,NYJ,NYJ@CHI,0.1664167046546936,6.214973449707031,6.888226509094238,14.767086730516423,,-0.4384345311478689
Dylan Laube,RB,4000,LV,KC@LV,0.1672155857086181,6.244634628295898,6.900261878967285,14.826178439868794,,-0.44033950479912176
Jaylen Waddle,WR,6200,DEN,DEN@SF,0.0251672081649303,5.853799819946289,6.174909114837647,14.274247819119063,,-0.44417125683415204
Adam Prentice,RB,4000,DEN,DEN@SF,0.183809608221054,6.268493175506592,6.984133720397949,14.893684699191052,,-0.44442110798254786
Jonah Coleman,RB,4000,DEN,DEN@SF,0.190739557147026,6.268852710723877,7.063543319702148,14.894702605419493,,-0.44448269513400773
Josh Williams,RB,4000,TB,GB@TB,0.1763462573289871,6.2700958251953125,6.956294536590576,14.898222218419846,,-0.44469565444051184
Sean Tucker,RB,4000,TB,GB@TB,0.1833732724189758,6.273838520050049,7.000396728515625,14.908820181632517,,-0.44533698839105984
Cody Schrader,RB,4000,DEN,DEN@SF,0.1883444488048553,6.277024269104004,7.016441345214844,14.917842634672095,,-0.4458830852807567
Reggie Gilliam,RB,4000,NE,NE@BUF,0.1929273456335067,6.280710697174072,6.998102188110352,14.928284858616626,,-0.44651523549203553
Corey Kiner,RB,4000,NE,NE@BUF,0.1913860291242599,6.287376403808594,7.042962551116943,14.947171058865466,,-0.4476588904714341
Dameon Pierce,RB,4000,PHI,LAR@PHI,0.2029497921466827,6.296859264373779,7.037484169006348,14.974049856511114,,-0.44928725183643275
Myles Montgomery,RB,4000,NE,NE@BUF,0.2089992016553878,6.3070387840271,7.125070571899414,15.002917089066084,,-0.45103699983833623
Malik Davis,RB,4000,DAL,DAL@HOU,0.2180180847644806,6.328581809997559,7.24299144744873,15.064055452557787,,-0.45474592331428654
Lan Larison,RB,4000,NE,NE@BUF,0.2089790254831314,6.329845905303955,7.225984573364258,15.06764484139417,,-0.45496380075152665
Carson Steele,RB,4000,PHI,LAR@PHI,0.2049194723367691,6.336988925933838,7.212690830230713,15.087931366806064,,-0.45619546745851175
Jaydon Blue,RB,4000,PHI,LAR@PHI,0.2179316580295562,6.342573165893555,7.232951164245605,15.103795556482051,,-0.4571589514776725
Israel Abanikanda,RB,4000,DAL,DAL@HOU,0.235353797674179,6.34694766998291,7.317614078521728,15.116225871884067,,-0.4579140755856388
Tyler Goodson,RB,4000,DAL,DAL@HOU,0.2185606956481933,6.3492207527160645,7.273345947265625,15.122685903548932,,-0.45830657912035955
Emari Demercado,RB,4000,DAL,DAL@HOU,0.2241529524326324,6.358702659606934,7.2353081703186035,15.149640396517361,,-0.459944782449316
Hunter Luepke,RB,4000,DAL,DAL@HOU,0.2164064198732376,6.358712673187256,7.329888820648193,15.149668868527513,,-0.4599465132909256
Tyler Badie,RB,4500,DEN,DEN@SF,0.1802770942449569,6.266770362854004,6.977217674255371,15.01571693552501,,-0.460323055502764
Patrick Ricard,RB,4000,NYG,ARI@NYG,0.2368466854095459,6.372228622436523,7.355672359466553,15.188110952703134,,-0.46228422414655024
Phil Mafah,RB,4000,NYG,ARI@NYG,0.2352261841297149,6.3839850425720215,7.509162902832031,15.221567318344004,,-0.4643199991839333
Grant Finley,RB,4000,NYG,ARI@NYG,0.2297599613666534,6.384023189544678,7.33905029296875,15.22167590489776,,-0.4643266084051908
Tyjae Spears,RB,4900,TEN,TEN@BAL,0.0975323468446731,6.0609235763549805,6.487570285797119,14.742935097166503,,-0.46462718665794484
George Pickens,WR,6300,DAL,DAL@HOU,0.0347667448222637,5.893433094024658,6.233002185821533,14.496198103106318,,-0.46496624658014973
Ronnie Rivers,RB,4000,LAR,LAR@PHI,0.2489376664161682,6.390532493591309,7.471978664398193,15.24020748214332,,-0.4654547262267904
Devin Singletary,RB,4000,NYG,ARI@NYG,0.239757239818573,6.391884803771973,7.444765567779541,15.244058079906836,,-0.4656891768379584
Tyrone Tracy Jr.,RB,4100,NYG,ARI@NYG,0.242529422044754,6.392331600189209,7.546393871307373,15.245916433916662,,-0.46584144464079374
Salvon Ahmed,RB,4000,CHI,NYJ@CHI,0.2457380294799804,6.395425319671631,7.511937141418457,15.25414048675674,,-0.4663031334290464
Damon Bankston,RB,4000,GB,GB@TB,0.2528565526008606,6.400203704833984,7.7615065574646,15.267750433183684,,-0.4671320577473828
Roschon Johnson,RB,4000,CHI,NYJ@CHI,0.2374165058135986,6.4022216796875,7.582884311676025,15.273498927596474,,-0.4674822299708339
Zavier Scott,RB,4000,CHI,NYJ@CHI,0.2545304894447326,6.404321193695068,7.518274784088135,15.279480222535454,,-0.4678466183307457
Brittain Brown,RB,4000,CHI,NYJ@CHI,0.2412873208522796,6.40833854675293,7.546505928039551,15.290926724974174,,-0.46854405341088384
Dean Connors,RB,4000,LAR,LAR@PHI,0.2450205385684967,6.423110008239746,8.140002250671387,15.333031153937261,,-0.47111058391195765
Kenny Gainwell,RB,4700,TB,GB@TB,0.1810080260038375,6.24621057510376,6.991474151611328,15.07465519088964,,-0.4717522433884351
Pierre Strong Jr.,RB,4000,GB,GB@TB,0.2596565186977386,6.440131664276123,7.762853622436523,15.381581421720417,,-0.47407215614648807
Jordan James,RB,4000,SF,DEN@SF,0.2645429670810699,6.441164016723633,8.027685165405273,15.384527046857343,,-0.47425191177722514
Kyle Juszczyk,RB,4000,SF,DEN@SF,0.2523898482322693,6.442058086395264,7.900229454040527,15.38707820708418,,-0.47440760194656684
Ameer Abdullah,RB,4000,JAX,JAX@CIN,0.2708636522293091,6.447282314300537,7.857879161834717,15.401986981359896,,-0.47531756491810406
J'Mari Taylor,RB,4000,JAX,JAX@CIN,0.2701351642608642,6.447376728057861,8.491470336914062,15.402256445782948,,-0.4753340137004642
Jordan Waters,RB,4000,LAR,LAR@PHI,0.2647733688354492,6.451889991760254,7.944787502288818,15.415138846709374,,-0.47612046657257545
Chris Brooks,RB,4300,GB,GB@TB,0.267619252204895,6.435647487640381,7.9553022384643555,15.398642598377059,,-0.47710177057488773
Najee Harris,RB,4500,NYG,ARI@NYG,0.233926773071289,6.379138946533203,7.502187252044678,15.316630895332572,,-0.4773735670468874
LeQuint Allen Jr.,RB,4000,JAX,JAX@CIN,0.2668303847312927,6.462010860443115,8.364163398742676,15.444035655189374,,-0.47788513505170616
Isaac Guerendo,RB,4000,SF,DEN@SF,0.2678022384643554,6.465027332305908,10.977142333984377,15.452650421587684,,-0.4784113690956563
Tyler Allgeier,RB,4800,ARI,ARI@NYG,0.1811341196298599,6.248928070068359,6.948471546173096,15.149734912280291,,-0.4808179854050681
Sincere McCormick,RB,4000,SF,DEN@SF,0.2689570784568786,6.487035274505615,11.155402183532717,15.515533477959195,,-0.48225461077956017
Jacardia Wright,RB,4000,SEA,LAC@SEA,0.3011307120323181,6.515376091003418,11.081700325012209,15.596588118902805,,-0.4872135536993744
Velus Jones Jr.,RB,4000,SEA,LAC@SEA,0.3075185418128967,6.517087936401367,11.219501495361328,15.601486686132812,,-0.4875134283287473
Zach Charbonnet,RB,4000,SEA,LAC@SEA,0.3004164099693298,6.520168781280518,11.075024604797363,15.61030350311115,,-0.4880532161869382
Ben VanSumeren,RB,4000,KC,KC@LV,0.3132340908050537,6.525096416473389,11.07943344116211,15.624407519840533,,-0.48891683408240316
Robbie Ouzts,RB,4000,SEA,LAC@SEA,0.2833349704742431,6.532846450805664,11.14824390411377,15.646594880513499,,-0.4902757432510493
Jaydn Ott,RB,4000,KC,KC@LV,0.3166941702365875,6.535606384277344,11.169537544250488,15.654497680524548,,-0.4907598630635867
Brady Russell,RB,4000,SEA,LAC@SEA,0.2956129312515259,6.537982940673828,11.08505916595459,15.661303328847472,,-0.4911768127165065
Will Shipley,RB,4800,PHI,LAR@PHI,0.2109515368938446,6.329578876495361,7.290377140045166,15.359302101410785,,-0.4922377498445263
Nate Carter,RB,4000,KC,KC@LV,0.3239577710628509,6.5471296310424805,11.137319564819336,15.687501572023208,,-0.4927822017657235
Jawhar Jordan,RB,4000,HOU,DAL@HOU,0.3091586828231811,6.5501227378845215,11.229833602905272,15.696076315436832,,-0.4933077680135901
Kaleb Johnson,RB,4600,GB,GB@TB,0.2582700252532959,6.446160316467285,11.04020881652832,15.544440208711707,,-0.4937115961211481
Noah Whittington,RB,4000,HOU,DAL@HOU,0.3145148754119873,6.555619239807129,11.198822975158691,15.711825139144638,,-0.4942732016732624
Brashard Smith,RB,4000,KC,KC@LV,0.3123292624950409,6.557966232299805,11.256229400634766,15.718550740566252,,-0.49468555342837683
Chris Rodriguez Jr.,RB,4600,JAX,JAX@CIN,0.2861054539680481,6.459924697875977,8.317532539367676,15.581110853991305,,-0.4957760132870179
Kaelon Black,RB,4600,SF,DEN@SF,0.2641978859901428,6.460852146148682,8.069616317749023,15.583582353203068,,-0.4959151934566489
British Brooks,RB,4000,HOU,DAL@HOU,0.3157588243484497,6.583104133605957,11.330073356628418,15.790619465792584,,-0.49910632477684325
Emmett Johnson,RB,4400,KC,KC@LV,0.3171663582324981,6.560582637786865,11.202999114990234,15.769428986712569,,-0.5006817558002207
Jaret Patterson,RB,4000,MIN,MIA@MIN,0.3484014868736267,6.61481237411499,11.279444694519045,15.881607922371737,,-0.5046931538225814
MarShawn Lloyd,RB,4800,GB,GB@TB,0.2503928542137146,6.420755386352539,7.656816959381103,15.596976647036547,,-0.5052444945096166
RJ Harvey,RB,5000,DEN,DEN@SF,0.1925129294395446,6.282370090484619,6.943912029266357,15.391146018841832,,-0.5052732544043883
Kentrel Bullock,RB,4000,CIN,JAX@CIN,0.342551052570343,6.620814323425293,11.3245210647583,15.898840867878933,,-0.5057519475222058
DeeJay Dallas,RB,4200,MIN,MIA@MIN,0.357753574848175,6.633746147155762,11.261462211608888,15.931016993594385,,-0.507400960808159
Tahj Brooks,RB,4000,CIN,JAX@CIN,0.3450194001197815,6.630962371826172,11.284669876098633,15.927985251874766,,-0.5075430480763296
George Holani,RB,4500,SEA,LAC@SEA,0.3106347322463989,6.578754901885986,11.24647331237793,15.85434913691612,,-0.5080664327896935
Kendall Milton,RB,4000,CIN,JAX@CIN,0.3428775668144226,6.64616060256958,11.335230827331545,15.971649613568934,,-0.5102275657925158
Jerome Ford,RB,4000,MIN,MIA@MIN,0.361410915851593,6.651883602142334,11.404258728027344,15.988096685039459,,-0.5112390716498797
Jordan Mason,RB,4000,MIN,MIA@MIN,0.3648976683616638,6.6522536277771,11.342108726501465,15.9891601770401,,-0.5113044831967128
Max Bredeson,RB,4000,MIN,MIA@MIN,0.353085994720459,6.657680988311768,11.355670928955078,16.004760246690882,,-0.5122640712553936
Emanuel Wilson,RB,4700,SEA,LAC@SEA,0.2875750660896301,6.539858818054199,11.171012878417969,15.84763480942823,,-0.5146011684494766
Samaje Perine,RB,4100,CIN,JAX@CIN,0.353192925453186,6.683341503143311,11.393314361572266,16.068410563640903,,-0.5155111149080016
Kyle Monangai,RB,4900,CHI,NYJ@CHI,0.2501455247402191,6.432965755462647,7.676376342773437,15.699452190995995,,-0.5160026810457333
Blake Corum,RB,4900,LAR,LAR@PHI,0.2539190053939819,6.435891151428223,8.108808517456055,15.707024956464638,,-0.5164132358398141
Demond Claiborne,RB,4000,MIN,MIA@MIN,0.3471419811248779,6.681778907775879,11.399209976196287,16.074054031208224,,-0.516528320695094
Woody Marks,RB,4700,HOU,DAL@HOU,0.3200344443321228,6.570969581604004,11.21998405456543,15.929967231422994,,-0.5191968000603386
Rhamondre Stevenson,RB,5100,NE,NE@BUF,0.2073771059513092,6.316506862640381,7.18481969833374,15.564343574440473,,-0.5208906366687509
Mike Evans,WR,6600,SF,DEN@SF,0.0439152233302593,5.920080184936523,6.2787017822265625,14.976863345810738,,-0.5212479729337058
Justice Hill,RB,4200,BAL,TEN@BAL,0.3954242467880249,6.725247859954834,11.419782638549805,16.187589299854174,,-0.5227577607679745
Frank Gore Jr.,RB,4000,BUF,NE@BUF,0.3820278644561767,6.7309889793396,11.434181213378906,16.215693342230804,,-0.5252535619499596
Rasheen Ali,RB,4000,BAL,TEN@BAL,0.3850470185279846,6.731089115142822,11.40154266357422,16.215981734258815,,-0.5252713390012907
Jonathan Ward,RB,4000,BAL,TEN@BAL,0.3942210674285888,6.737925052642822,11.411049842834473,16.23567090704381,,-0.5264851245608577
Ty Johnson,RB,4400,BUF,NE@BUF,0.3945428133010864,6.724645614624023,11.441710472106934,16.21842966628577,,-0.5268082580945783
Ray Davis,RB,4000,BUF,NE@BUF,0.3899903893470764,6.75678300857544,11.456263542175291,16.290002548058286,,-0.5298355900375716
Dontayvion Wicks,WR,4300,PHI,LAR@PHI,9.67873477935791,16.478458404541016,18.863510131835938,30.77862498063867,,-0.5314984391130351
TreVeyon Henderson,RB,5200,NE,NE@BUF,0.2111688256263733,6.309306621551514,7.113763809204102,15.638028488188663,,-0.5316630925911948
Adam Randall,RB,4000,BAL,TEN@BAL,0.404799222946167,6.779364585876465,11.516768455505373,16.355092189839404,,-0.5338514391543606
Brock Lampe,RB,4000,BUF,NE@BUF,0.4124708175659179,6.781252861022949,11.452553749084473,16.36053641647346,,-0.5341874263699338
Tank Bigsby,RB,5300,PHI,LAR@PHI,0.2054487019777298,6.331112384796143,7.256293773651123,15.789947088414065,,-0.5469080530698258
Jadarian Price,RB,5100,SEA,LAC@SEA,0.3114045560359955,6.521270751953125,11.031976699829102,16.085210640595317,,-0.548454551825456
Bhayshul Tuten,RB,5600,JAX,JAX@CIN,0.2703270316123962,6.44051456451416,7.876195907592773,16.37928485224511,,-0.6013328177977946
Jeremiyah Love,RB,5800,ARI,ARI@NYG,0.1734650135040283,6.235093116760254,6.916270732879639,16.11716323210016,,-0.6069166458726635
David Montgomery,RB,5700,HOU,DAL@HOU,0.3200645446777344,6.579945087432861,11.186861991882324,16.83351414872051,,-0.6328076870019291
Nico Collins,WR,7200,HOU,DAL@HOU,0.0522561743855476,5.945250511169434,6.326060771942139,15.940951693864115,,-0.6395079512867585
Bucky Irving,RB,6000,TB,GB@TB,0.1876038014888763,6.261250019073486,6.9283647537231445,16.43565839837478,,-0.6425943216988697
Justin Jefferson,WR,7300,MIN,MIA@MIN,0.0747230648994445,5.979554176330566,6.3955078125,16.17111656651676,,-0.6623641588307624
Cam Skattebo,RB,6100,NYG,ARI@NYG,0.2382626235485077,6.347491264343262,7.336764335632324,16.772992688768618,,-0.6692581724182421
Aaron Jones Sr.,RB,6000,MIN,MIA@MIN,0.3470400273799896,6.606943607330322,11.254643440246582,17.259808892611225,,-0.6820835110611686
Puka Nacua,WR,7500,LAR,LAR@PHI,0.0416557341814041,5.894646167755127,6.258146286010742,16.318998696034893,,-0.6973734327860504
Josh Jacobs,RB,6300,GB,GB@TB,0.2620682716369629,6.423219203948975,7.819092273712158,17.22432238638732,,-0.7124687694869488
D'Andre Swift,RB,6400,CHI,NYJ@CHI,0.2441507279872894,6.378342151641846,7.50084638595581,17.260857638904096,,-0.7256598991704384
Javonte Williams,RB,6600,DAL,DAL@HOU,0.2028556317090988,6.320871353149414,7.196586608886719,17.42070648263188,,-0.7569823815933595
Omarion Hampton,RB,6300,LAC,LAC@SEA,8.415060043334961,14.963714599609377,17.3204402923584,31.383133802160337,,-0.8965058813708913
Jaylen Wright,RB,5000,MIA,MIA@MIN,5.2,12.5,15.5,28.954333692742164,,-1.0547213863595142
Zay Flowers,WR,6900,BAL,TEN@BAL,0.0705049633979797,5.983353614807129,6.402267456054688,21.564808773796,24.8,-1.3500203470236007
