Name,Position,Salary,TeamAbbrev,game,opponent,target_share_used,adot_used,adot_verified,rz_share_used,rz_share_verified,mean,median,p90,p95,p99,boom_25,boom_30
Kenneth Walker III,RB,8200,KC,KC@LV,LV,0.2,5.602222222222222,,0.51,,27.080325199364246,22.934135698366443,47.88829762729153,59.03388315556649,87.0936073256044,44.25,32.29
Ashton Jeanty,RB,7100,LV,KC@LV,KC,0.18,6.233333333333333,,0.56,,21.62171777089676,18.392851647732307,38.090837944142734,46.94433003776594,68.44215411912393,29.34,19.366
Derrick Henry,RB,8400,BAL,TEN@BAL,TEN,0.07,6.82,,0.57,,21.286255857108333,18.16888932495482,37.48949612615334,46.10406982283688,67.4942418747968,28.402,18.69
Jaxon Smith-Njigba,WR,9100,SEA,LAC@SEA,LAC,0.31,9.6,9.6,0.529,0.529,19.65175775495959,15.731816450944693,37.184415524172465,47.367394304463474,74.7893966071247,24.342,16.596
Josh Allen,QB,7700,BUF,NE@BUF,NE,,9.149999999999999,,0.33,,20.668286671418045,17.6768187522708,36.208207792499984,44.412898490733454,65.4973111448106,26.746,17.216
Jordan Love,QB,5800,GB,GB@TB,TB,,9.149999999999999,,0.33,,20.293724010680542,17.30076385482492,35.71730393113067,43.76839456511597,63.13550528481779,25.812,16.71
Dak Prescott,QB,6400,DAL,DAL@HOU,HOU,,9.149999999999999,,0.33,,19.458271949538794,16.611062788194403,34.12825536495977,42.15468166143354,61.868442587449046,23.146,14.62
C.J. Stroud,QB,5700,HOU,DAL@HOU,DAL,,9.149999999999999,,0.33,,19.374087396378005,16.524494427820695,33.91698738067395,41.78054405299651,61.714874376509435,23.003999999999998,14.408000000000001
Brock Purdy,QB,6700,SF,DEN@SF,DEN,,9.149999999999999,,0.33,,18.804792292961938,16.086946798645585,32.86217845332406,40.636770735630904,59.64771033762026,21.468,13.100000000000001
Davante Adams,WR,7000,LAR,LAR@PHI,PHI,0.305,17.2,17.2,0.167,0.167,17.41517700525073,14.055069707357884,32.63522660413534,41.40131916316658,65.2796855615296,18.951999999999998,12.462
Chase Brown,RB,6100,CIN,JAX@CIN,JAX,0.13,4.764615384615384,,0.32,,18.550704400507072,15.866109219225962,32.506235278333804,39.85868006575991,59.0693877851813,20.834,12.698
Matthew Stafford,QB,6200,LAR,LAR@PHI,PHI,,9.149999999999999,,0.33,,18.417019256500435,15.793176489364747,32.26870880596276,39.723949360244504,57.46949397594317,20.282,12.578
Patrick Mahomes,QB,6500,KC,KC@LV,LV,,9.149999999999999,,0.33,,18.16034612168781,15.486314689540928,31.89931346962772,39.31301044186821,57.84943180826231,19.814,12.008000000000001
Rashee Rice,WR,6400,KC,KC@LV,LV,0.39,6.4,6.4,0.33,,17.374673979877702,14.280942505898437,31.79180475071155,39.835837490287425,61.9787963002057,18.566,11.681999999999999
Luther Burden III,WR,5200,CHI,NYJ@CHI,NYJ,0.32,10.2,10.2,0.33,0.33,16.540500289674796,13.021650990284801,31.670932281385163,41.006692401169424,65.28698399229732,17.266000000000002,11.450000000000001
Jakobi Meyers,WR,5000,JAX,JAX@CIN,CIN,0.3,10.7,10.7,0.33,,16.844914723226484,13.592361654268643,31.341023975099,39.60163954522226,61.84337128352495,17.549999999999997,11.254
Geno Smith,QB,5200,NYJ,NYJ@CHI,CHI,,9.149999999999999,,0.33,,17.689045704575197,15.099834263504164,31.19113479103019,38.02690945660477,55.80600324661329,18.529999999999998,11.236
Joe Burrow,QB,6800,CIN,JAX@CIN,JAX,,9.149999999999999,,0.33,,17.63376364763971,15.020611510469852,30.9948509408147,37.98141235432759,56.34763512352929,18.424,11.110000000000001
CeeDee Lamb,WR,7800,DAL,DAL@HOU,HOU,0.305,12.4,12.4,0.33,,16.28386952044356,13.064483843253047,30.626877559997258,39.20589353994425,60.990091774406736,16.259999999999998,10.534
Mack Hollins,WR,4000,NE,NE@BUF,BUF,0.3,8.2,,0.33,,16.848926243737335,14.125004589414576,30.244696251375974,37.36659969125579,56.57988763364086,16.596,10.276
Lamar Jackson,QB,7300,BAL,TEN@BAL,TEN,,9.149999999999999,,0.33,,16.901740342203436,14.441930234777642,29.746187951430837,36.418829939558485,53.222323012385644,16.509999999999998,9.698
Garrett Wilson,WR,6800,NYJ,NYJ@CHI,CHI,0.36,10.1,10.1,0.33,,15.36746032203585,12.018683055973275,29.698579522109448,38.22813421951533,60.68855974172958,14.868,9.725999999999999
Wan'Dale Robinson,WR,4600,TEN,TEN@BAL,BAL,0.31,8.2,,0.33,,16.031155361035392,13.254459002587243,29.301085575216497,36.51606267718689,55.676922244236245,15.17,9.316
Jordan Addison,WR,5300,MIN,MIA@MIN,MIA,0.36,8.2,,0.33,,15.463167339337963,12.479864339758745,28.883233855300134,36.70400971532962,57.23890413520826,14.262,9.042
Kyren Williams,RB,5900,LAR,LAR@PHI,PHI,,6.420000000000001,,0.33,,16.39233351306648,13.977303541047657,28.755623429119343,35.16741653266421,52.035024902385864,14.988000000000001,8.677999999999999
Christian Watson,WR,6700,GB,GB@TB,TB,0.305,15.9,15.9,0.33,0.33,15.262460467357622,12.252185781745517,28.73280087106477,36.53653758810932,57.54299774661798,14.13,8.926
Trevor Lawrence,QB,5900,JAX,JAX@CIN,CIN,,9.149999999999999,,0.33,,16.25128772386212,13.870227638173144,28.51496505100821,35.07544352302035,51.430146702642986,14.702000000000002,8.466
Ja'Marr Chase,WR,8100,CIN,JAX@CIN,JAX,0.32,7.88,,0.33,,15.151776641257625,12.282857518401023,28.054422113026746,35.69678649620265,54.815174811474435,13.618,8.376
James Cook III,RB,7400,BUF,NE@BUF,NE,,4.58,,0.33,,15.5517107003203,13.275816096073104,27.23528114536772,33.73980292483844,49.46539345604094,12.959999999999999,7.352
Saquon Barkley,RB,6800,PHI,LAR@PHI,LAR,,6.180000000000001,,0.33,,15.334453484579816,13.159639594065744,26.74202681706666,32.96504858497581,48.793213240196415,12.332,6.9559999999999995
J.K. Dobbins,RB,5300,DEN,DEN@SF,SF,,6.029999999999999,,0.33,,14.679732294195974,12.541495768842626,25.83550019179356,31.808932095127922,46.710696638404436,11.078000000000001,6.146
DeVonta Smith,WR,7100,PHI,LAR@PHI,LAR,0.305,8.7,8.7,0.33,,14.01677168916112,11.561348310839529,25.68608815876908,32.07551950317643,47.92813143933356,10.784,6.158
Dalton Schultz,TE,4800,HOU,DAL@HOU,DAL,0.305,6.3,6.3,0.33,,14.572944707827071,12.566715325226456,25.341266128254617,30.792709579400825,44.80713174646121,10.424,5.506
Parker Washington,WR,6500,JAX,JAX@CIN,CIN,0.19,14.3,14.3,0.33,,13.297063500722489,10.903015503674926,24.418624874629817,30.642049075183888,47.29938892643713,9.338000000000001,5.38
Cam Ward,QB,4700,TEN,TEN@BAL,BAL,,9.149999999999999,,0.33,,13.92199248221208,11.919369254856473,24.38354351659112,29.761889473573145,43.46207959521792,9.24,4.84
George Kittle,TE,5100,SF,DEN@SF,DEN,0.27,7.200000000000001,,0.33,,14.081543247783086,12.181259670027499,24.353509990012714,29.741590125338426,42.91738380286172,9.232,4.826
Drake Maye,QB,6000,NE,NE@BUF,BUF,,9.149999999999999,,0.33,,13.749680689495676,11.702927694750866,24.242125217555692,29.505945335233452,43.3992509957158,9.074,4.7
Tony Pollard,RB,5400,TEN,TEN@BAL,BAL,,5.88,,0.33,,13.374606838978742,11.389648648855063,23.43047214613554,28.809912440923437,42.64587762391623,8.214,4.274
Malik Washington,WR,4400,MIA,MIA@MIN,MIN,0.27,8.2,,0.33,,13.249766318312052,11.313470561708314,23.196161895559097,28.579388870730288,42.1780252407298,7.893999999999999,4.138
Trey McBride,TE,6500,ARI,ARI@NYG,NYG,0.305,5.4,5.4,0.4,0.4,13.033722511886342,11.095335652209567,22.95831399098826,28.074458601501217,41.16173509880279,7.5600000000000005,3.866
Dalton Kincaid,TE,5300,BUF,NE@BUF,NE,0.305,10.508235294117648,,0.33,,11.267309849335826,9.042317283208227,21.13159625231987,26.72002922209699,41.28532798953793,6.172,3.456
Tyler Higbee,TE,3100,LAR,LAR@PHI,PHI,0.22,7.200000000000001,,0.33,,12.22172421141903,10.593333024258111,21.058998464203853,25.589251485510825,36.39017675751341,5.462,2.628
Braelon Allen,RB,5200,NYJ,NYJ@CHI,CHI,,5.0,,0.33,,11.63440240513694,9.944100726529117,20.439642507080087,25.038677764296665,36.57406271217834,5.045999999999999,2.514
Kenyon Sadiq,TE,4000,NYJ,NYJ@CHI,CHI,0.22,7.200000000000001,,0.33,,11.036958204708297,9.49841539705693,19.23827502760604,23.372623404829746,33.629922206042,3.88,1.7260000000000002
Ollie Gordon II,RB,5500,MIA,MIA@MIN,MIN,,5.2,,0.33,,10.679184249237277,9.110472418511007,18.823164366862898,23.014053883818335,33.517766372166555,3.626,1.696
Dontayvion Wicks,WR,4300,PHI,LAR@PHI,LAR,0.305,8.200000000000001,,0.33,,10.104725409422937,8.406028686703305,18.33050234044383,22.69461012723957,34.24178661070761,3.5180000000000002,1.772
Omarion Hampton,RB,6300,LAC,LAC@SEA,SEA,,6.579999999999999,,0.33,,9.103339718639024,7.77629616057079,15.965978420306637,19.629669759680688,28.597672942359008,1.916,0.832
Brenton Strange,TE,3200,JAX,JAX@CIN,CIN,0.305,8.3,8.3,0.33,,8.094652433709781,6.76384337042432,14.46528799177476,18.03872292694856,27.14788156292863,1.4040000000000001,0.7100000000000001
Jaylen Wright,RB,5000,MIA,MIA@MIN,MIN,,5.333333333333333,,0.33,,3.3822528528648523,2.464555333120993,8.73425464706706,11.136051701432264,17.155217095277862,0.148,0.05
David Montgomery,RB,5700,HOU,DAL@HOU,DAL,,5.88,,0.33,,2.233381443733529,1.9074113267877697,3.930104242544567,4.815520870884878,7.016005515547578,0.0,0.0
Woody Marks,RB,4700,HOU,DAL@HOU,DAL,,5.88,,0.33,,2.2325377984630186,1.9011385581214948,3.9267205749687535,4.782279794024337,7.154440348148041,0.002,0.0
Aaron Jones Sr.,RB,6000,MIN,MIA@MIN,MIA,,5.88,,0.33,,2.2033802635274133,1.8761742457215498,3.880052387979875,4.763252420377861,6.97276950818465,0.0,0.0
Jadarian Price,RB,5100,SEA,LAC@SEA,LAC,,5.88,,0.33,,2.1970781883171533,1.875106118188303,3.8718876544212217,4.7570504403196585,6.943945110872541,0.0,0.0
George Holani,RB,4500,SEA,LAC@SEA,LAC,,5.88,,0.33,,2.1988946951050172,1.8802839959792577,3.8623240905066885,4.713289109903447,6.926042903808614,0.0,0.0
Emanuel Wilson,RB,4700,SEA,LAC@SEA,LAC,,5.88,,0.33,,2.1981410554416696,1.8775610381116121,3.8523453886828154,4.747056780256367,6.956718170007074,0.0,0.0
Chris Rodriguez Jr.,RB,4600,JAX,JAX@CIN,CIN,,5.88,,0.33,,2.1130188287975478,1.791089674401634,3.7300066109069565,4.563596990111786,6.762420289687657,0.0,0.0
Bhayshul Tuten,RB,5600,JAX,JAX@CIN,CIN,,5.88,,0.33,,2.111976576084165,1.7983913338609854,3.710944302702488,4.541679409339616,6.739367524667137,0.0,0.0
Christian McCaffrey,RB,7700,SF,DEN@SF,DEN,,5.88,,0.33,,2.11657511612213,1.8087880314691809,3.70887762443206,4.541424945271783,6.650961618422371,0.0,0.0
Kaelon Black,RB,4600,SF,DEN@SF,DEN,,5.88,,0.33,,2.1151689335953323,1.8094119875447343,3.6999397087604984,4.559175248634362,6.697981071152634,0.0,0.0
Blake Corum,RB,4900,LAR,LAR@PHI,PHI,,5.88,,0.33,,2.0689805097246916,1.7712178497214293,3.6156021317306317,4.429474206578531,6.547269230511325,0.0,0.0
Tyler Allgeier,RB,4800,ARI,ARI@NYG,NYG,,5.88,,0.33,,2.0124276181677927,1.7178154913232004,3.5297886734490813,4.3508023173107535,6.470268864605492,0.0,0.0
Jeremiyah Love,RB,5800,ARI,ARI@NYG,NYG,,5.88,,0.33,,2.012795501413774,1.7208289795769343,3.5099189292917354,4.314600594102466,6.422121809544096,0.0,0.0
D'Andre Swift,RB,6400,CHI,NYJ@CHI,NYJ,,5.88,,0.33,,1.9818645925844822,1.6931455410467593,3.4886677516930473,4.261825985294382,6.198185628618931,0.0,0.0
Kyle Monangai,RB,4900,CHI,NYJ@CHI,NYJ,,5.88,,0.33,,1.9775327622891148,1.686684526542268,3.469153912465038,4.266826797365976,6.275625482299815,0.0,0.0
Tyler Badie,RB,4500,DEN,DEN@SF,SF,,5.88,,0.33,,1.9538990845200936,1.6638876107546028,3.440518712199629,4.212446288785224,6.221298360275965,0.0,0.0
Najee Harris,RB,4500,NYG,ARI@NYG,ARI,,5.88,,0.33,,1.9550674358598399,1.6644689050694665,3.43287705960066,4.228005990952067,6.199850103470648,0.0,0.0
RJ Harvey,RB,5000,DEN,DEN@SF,SF,,5.88,,0.33,,1.9513793103796502,1.65709786384945,3.4299895213808314,4.243473443746018,6.211158150404177,0.0,0.0
Javonte Williams,RB,6600,DAL,DAL@HOU,HOU,,5.88,,0.33,,1.9462460236269992,1.6579419404933167,3.4206982945396196,4.1994429339131605,6.146832012721426,0.0,0.0
Cam Skattebo,RB,6100,NYG,ARI@NYG,ARI,,5.88,,0.33,,1.9443529694731874,1.6534298986616687,3.411812557610751,4.200481773440096,6.249845651497855,0.0,0.0
Kaleb Johnson,RB,4600,GB,GB@TB,TB,,5.88,,0.33,,1.8995280135112655,1.6204043068645646,3.355890239000383,4.0876297237522925,5.871486601422579,0.0,0.0
MarShawn Lloyd,RB,4800,GB,GB@TB,TB,,5.88,,0.33,,1.908723938411845,1.6262956204073393,3.346855789377635,4.1165694425161705,6.2246430348543305,0.0,0.0
Josh Jacobs,RB,6300,GB,GB@TB,TB,,5.88,,0.33,,1.904548100173159,1.6292359027696377,3.33013070657911,4.099454564026316,6.048716876471788,0.0,0.0
TreVeyon Henderson,RB,5200,NE,NE@BUF,BUF,,5.88,,0.33,,1.8207325904899625,1.5526705626062307,3.2022142328452774,3.927968364600105,5.824340886294617,0.0,0.0
Rhamondre Stevenson,RB,5100,NE,NE@BUF,BUF,,5.88,,0.33,,1.814293727021793,1.55044214189624,3.1824953908980453,3.905501909768315,5.73517126746747,0.0,0.0
Will Shipley,RB,4800,PHI,LAR@PHI,LAR,,5.88,,0.33,,1.7933203375044018,1.5314465385900282,3.1638825508790385,3.8627854129869768,5.712938273865718,0.0,0.0
Tank Bigsby,RB,5300,PHI,LAR@PHI,LAR,,5.88,,0.33,,1.794007600583841,1.5353580655577268,3.151466041407912,3.863243355167933,5.642911951807845,0.0,0.0
Bucky Irving,RB,6000,TB,GB@TB,GB,,5.88,,0.33,,1.5473164710365244,1.316023102764831,2.7166564684347136,3.339693307856477,4.891448886990974,0.0,0.0
Kenny Gainwell,RB,4700,TB,GB@TB,GB,,5.88,,0.33,,1.5470428219867456,1.3193865709909178,2.7016731329316306,3.3395210239168573,4.9335298705726895,0.0,0.0
Rashod Bateman,WR,4200,BAL,TEN@BAL,TEN,0.305,9.149999999999999,,0.33,,1.3419337217981753,1.099358693053541,2.486453510668193,3.109927622401343,4.701983903747332,0.0,0.0
Ja'Kobi Lane,WR,3000,BAL,TEN@BAL,TEN,0.305,9.149999999999999,,0.33,,1.3410696018922859,1.0998783562077947,2.473787173288322,3.111722859573981,4.777411141024732,0.0,0.0
Chris Moore,WR,3200,BAL,TEN@BAL,TEN,0.305,9.149999999999999,,0.33,,1.3388952904259024,1.092177664419043,2.46921047336513,3.1042485369146444,4.7814856916577,0.0,0.0
Elijah Sarratt,WR,3000,BAL,TEN@BAL,TEN,0.305,9.149999999999999,,0.33,,1.3420354093369364,1.0960884375599163,2.468261273114433,3.135215401116371,4.809075883618263,0.0,0.0
Shedrick Jackson,WR,3000,BAL,TEN@BAL,TEN,0.305,9.149999999999999,,0.33,,1.337984074768258,1.0931245838563755,2.4651061126658615,3.090728059852172,4.86323045077229,0.0,0.0
Devontez Walker,WR,3400,BAL,TEN@BAL,TEN,0.305,9.149999999999999,,0.33,,1.3383124906788895,1.097716726070133,2.4646191790165575,3.101167678844508,4.726241274027051,0.0,0.0
Zay Flowers,WR,6900,BAL,TEN@BAL,TEN,0.305,9.149999999999999,,0.33,,1.336471335047047,1.093357965524532,2.4617441605737564,3.097016220777966,4.750773041578662,0.0,0.0
LaJohntay Wester,WR,3000,BAL,TEN@BAL,TEN,0.305,9.149999999999999,,0.33,,1.3372414791298632,1.095357683733255,2.4591122227092836,3.085096617975798,4.793402820220455,0.0,0.0
Tyjae Spears,RB,4900,TEN,TEN@BAL,BAL,,5.88,,0.33,,1.3935780877130537,1.1885025795940942,2.4553399953469026,3.0078912348533833,4.430441570600314,0.0,0.0
Xavier Guillory,WR,3000,BAL,TEN@BAL,TEN,0.305,9.149999999999999,,0.33,,1.3361703880026754,1.0989595787554751,2.45253447898387,3.07562085360326,4.738257788677287,0.0,0.0
Gage Larvadain,WR,3000,BAL,TEN@BAL,TEN,0.305,9.149999999999999,,0.33,,1.3358204009890353,1.092673695904515,2.4519200415471656,3.093231368449677,4.782982979056151,0.0,0.0
Dohnte Meyers,WR,3000,CIN,JAX@CIN,JAX,0.305,9.149999999999999,,0.33,,1.2984845180296718,1.062048873300676,2.4029176942363617,2.9896572030052275,4.562938935796068,0.0,0.0
Skyler Bell,WR,3000,BUF,NE@BUF,NE,0.305,9.149999999999999,,0.33,,1.3014364974338746,1.0699783288422524,2.3996214870085026,2.99797417652444,4.5444269148643555,0.0,0.0
Jordan Moore,WR,3000,CIN,JAX@CIN,JAX,0.305,9.149999999999999,,0.33,,1.2959006797893977,1.061242045355333,2.3933747001241428,3.0064175523489416,4.555775448928799,0.0,0.0
Noah Thomas,WR,3000,CIN,JAX@CIN,JAX,0.305,9.149999999999999,,0.33,,1.2985982687809243,1.0621472859302035,2.3914541848126194,3.0083952227514468,4.649159376360056,0.0,0.0
Khalil Shakir,WR,4700,BUF,NE@BUF,NE,0.305,9.149999999999999,,0.33,,1.297490365949185,1.0651637540825418,2.3892905527575925,3.007592111973086,4.630836707283306,0.0,0.0
Stephen Gosnell,WR,3000,BUF,NE@BUF,NE,0.305,9.149999999999999,,0.33,,1.2989127391501696,1.0649110764269727,2.387694956411786,3.008483332649102,4.60065229447485,0.0,0.0
DJ Moore,WR,5700,BUF,NE@BUF,NE,0.305,9.149999999999999,,0.33,,1.2999229259451779,1.0659439538743865,2.3856092810333025,3.006666026786284,4.596289787221489,0.0,0.0
Colbie Young,WR,3000,CIN,JAX@CIN,JAX,0.305,9.149999999999999,,0.33,,1.2969728079980745,1.0663050577672877,2.3813889924704563,3.0058539893141067,4.677735320411465,0.0,0.0
Ja'Mori Maclin,WR,3000,BUF,NE@BUF,NE,0.305,9.149999999999999,,0.33,,1.2964994755364931,1.0662350679355472,2.3812537157275977,2.9727972087648156,4.565763215845134,0.0,0.0
Andrei Iosivas,WR,3000,CIN,JAX@CIN,JAX,0.305,9.149999999999999,,0.33,,1.2954571565210218,1.06261672071717,2.380440491948002,2.9897394883769404,4.622692007311308,0.0,0.0
Tyrell Shavers,WR,3000,BUF,NE@BUF,NE,0.305,9.149999999999999,,0.33,,1.2960232546024573,1.06577872471221,2.379959776307538,2.9863659531820033,4.551378171445181,0.0,0.0
Tee Higgins,WR,6100,CIN,JAX@CIN,JAX,0.305,9.149999999999999,,0.33,,1.2931388137369615,1.060458415472664,2.376450799798474,2.990995737095005,4.64878890112924,0.0,0.0
Greg Dortch,WR,3000,BUF,NE@BUF,NE,0.305,9.149999999999999,,0.33,,1.2940751331646854,1.0635041445496318,2.37589817729978,2.9857897915362654,4.522143070289355,0.0,0.0
Ke'Shawn Williams,WR,3000,CIN,JAX@CIN,JAX,0.305,9.149999999999999,,0.33,,1.2949153444025179,1.0689060273214428,2.374987314337504,2.9893483193380277,4.544031371225862,0.0,0.0
Keon Coleman,WR,4000,BUF,NE@BUF,NE,0.305,9.149999999999999,,0.33,,1.2955009258609884,1.0631536242480841,2.373813497044938,2.971439477777839,4.633359850265697,0.0,0.0
Trent Sherfield Sr.,WR,3000,BUF,NE@BUF,NE,0.305,9.149999999999999,,0.33,,1.292930423150748,1.057543804943212,2.3732455255779916,2.9740161824127327,4.605303176170936,0.0,0.0
Joshua Palmer,WR,3300,BUF,NE@BUF,NE,0.305,9.149999999999999,,0.33,,1.2923071179387922,1.0593215753753282,2.364477114785778,2.961459170876756,4.556142186245637,0.0,0.0
Thomas Odukoya,TE,2500,KC,KC@LV,LV,0.305,7.200000000000001,,0.33,,1.3065904527250762,1.11153053101062,2.307497864798844,2.8376480071483643,4.137901658443396,0.0,0.0
James Winchester,TE,2500,KC,KC@LV,LV,0.305,7.200000000000001,,0.33,,1.301679340311339,1.10476599743791,2.3059692043039144,2.8387332727286005,4.151246958223501,0.0,0.0
Jared Wiley,TE,2500,KC,KC@LV,LV,0.305,7.200000000000001,,0.33,,1.3053892390056054,1.1111480719378215,2.30122412170361,2.832754729377179,4.181265394075062,0.0,0.0
Travis Kelce,TE,5000,KC,KC@LV,LV,0.305,7.200000000000001,,0.33,,1.3045106336928964,1.1067316856861962,2.300901933036892,2.8446169566497446,4.166009893161083,0.0,0.0
Noah Gray,TE,2700,KC,KC@LV,LV,0.305,7.200000000000001,,0.33,,1.3057052524224482,1.1112604387464602,2.2965365917994705,2.837024348003322,4.1992444569282386,0.0,0.0
John Michael Gyllenborg,TE,2500,KC,KC@LV,LV,0.305,7.200000000000001,,0.33,,1.3011611361458841,1.1051924695704214,2.290459188935457,2.821364067915068,4.202724709237206,0.0,0.0
Jake Briningstool,TE,2500,KC,KC@LV,LV,0.305,7.200000000000001,,0.33,,1.3001661300022591,1.103661777793549,2.286891183713435,2.819431997306035,4.17421866236626,0.0,0.0
Cade Stover,TE,2500,HOU,DAL@HOU,DAL,0.305,7.200000000000001,,0.33,,1.283566337388851,1.0944507400869767,2.2683190120923107,2.786987941346964,4.139435630205093,0.0,0.0
Brevin Jordan,TE,2500,HOU,DAL@HOU,DAL,0.305,7.200000000000001,,0.33,,1.2867175918904414,1.0954442956735861,2.2669093597877303,2.78813375052948,4.146265638656765,0.0,0.0
Julian Hicks,WR,3000,SEA,LAC@SEA,LAC,0.305,9.149999999999999,,0.33,,1.2284259804530462,1.0074630777401616,2.2666483830091697,2.845889793044739,4.332114568367988,0.0,0.0
Zaire Mitchell-Paden,TE,2500,HOU,DAL@HOU,DAL,0.305,7.200000000000001,,0.33,,1.2866956248619958,1.094132634414383,2.2656417467355023,2.7731004769492618,4.122653628320098,0.0,0.0
Foster Moreau,TE,2700,HOU,DAL@HOU,DAL,0.305,7.200000000000001,,0.33,,1.2869603488047714,1.0951041709813647,2.2611664798685833,2.793996012449903,4.129077850110113,0.0,0.0
Rashid Shaheed,WR,3900,SEA,LAC@SEA,LAC,0.305,9.149999999999999,,0.33,,1.2252443612267538,1.004068324869575,2.2598389321127814,2.826989737122962,4.355018311760101,0.0,0.0
Cooper Kupp,WR,4100,SEA,LAC@SEA,LAC,0.305,9.149999999999999,,0.33,,1.222913679775476,1.0054669701498558,2.2578223256970635,2.8227349059205205,4.2371406650863035,0.0,0.0
Marlin Klein,TE,2500,HOU,DAL@HOU,DAL,0.305,7.200000000000001,,0.33,,1.283854119484571,1.0957576690039605,2.2575860732191155,2.765224214780194,4.113080751628372,0.0,0.0
Irvin Charles,WR,3000,SEA,LAC@SEA,LAC,0.305,9.149999999999999,,0.33,,1.2252907663079489,1.004729146062536,2.257172255235709,2.8285809338693744,4.335420954988245,0.0,0.0
Tory Horton,WR,3000,SEA,LAC@SEA,LAC,0.305,9.149999999999999,,0.33,,1.2294717124555974,1.0124170267854167,2.255947282852459,2.828182518480011,4.3039971190951825,0.0,0.0
Montorie Foster Jr.,WR,3000,SEA,LAC@SEA,LAC,0.305,9.149999999999999,,0.33,,1.2223546095988935,1.004275768097551,2.251002653145591,2.8312209262398285,4.307358861597886,0.0,0.0
Ricky White III,WR,3000,SEA,LAC@SEA,LAC,0.305,9.149999999999999,,0.33,,1.2225156370343924,1.0057331517571149,2.2509604826339227,2.8179927044441273,4.321073570847615,0.0,0.0
Jake Bobo,WR,3000,SEA,LAC@SEA,LAC,0.305,9.149999999999999,,0.33,,1.2282399794378167,1.0076093601977236,2.2470325629818566,2.8441312346258543,4.353021674130096,0.0,0.0
Xavier Hutchinson,WR,4300,HOU,DAL@HOU,DAL,0.305,9.149999999999999,,0.33,,1.2103103950386587,0.9866973395510671,2.2431870515396968,2.8164078108740087,4.366704981275121,0.0,0.0
Emmanuel Henderson Jr.,WR,3000,SEA,LAC@SEA,LAC,0.305,9.149999999999999,,0.33,,1.2233820080791722,1.0029065883959891,2.2407297058151823,2.8198053513940504,4.388750799783037,0.0,0.0
Jaylin Noel,WR,3400,HOU,DAL@HOU,DAL,0.305,9.149999999999999,,0.33,,1.2143065210889938,0.9917189892351687,2.2394175576030317,2.8307026552212537,4.363539772281073,0.0,0.0
T.J. Hockenson,TE,3300,MIN,MIA@MIN,MIA,0.305,7.200000000000001,,0.33,,1.2650776104619625,1.0779097850933121,2.233935992648735,2.7373459009792582,4.0172563804721255,0.0,0.0
Lewis Bond,WR,3000,HOU,DAL@HOU,DAL,0.305,9.149999999999999,,0.33,,1.2117354443513466,0.991933924058555,2.2275573155056554,2.7926501156260013,4.350503408861817,0.0,0.0
Jared Wayne,WR,3000,HOU,DAL@HOU,DAL,0.305,9.149999999999999,,0.33,,1.211495683701334,0.9960448438358006,2.227128964292491,2.785062894982727,4.264984920591484,0.0,0.0
Jayden Higgins,WR,3000,HOU,DAL@HOU,DAL,0.305,9.149999999999999,,0.33,,1.2067489655040577,0.9868294748513582,2.227032467506879,2.820873745769507,4.280812684401471,0.0,0.0
Ty Pezza,TE,2500,BAL,TEN@BAL,TEN,0.305,7.200000000000001,,0.33,,1.2542622899229263,1.066347371534171,2.224925345725172,2.7414355084305866,4.022567323531519,0.0,0.0
Ben Yurosek,TE,2500,MIN,MIA@MIN,MIA,0.305,7.200000000000001,,0.33,,1.2646994200695492,1.0770899928973754,2.2247922482995417,2.741884500684671,3.966725130558672,0.0,0.0
Tank Dell,WR,3000,HOU,DAL@HOU,DAL,0.305,9.149999999999999,,0.33,,1.2078319143517229,0.9921750888612029,2.2227946118992254,2.7973506745240186,4.209169539077737,0.0,0.0
Josh Kelly,WR,3000,HOU,DAL@HOU,DAL,0.305,9.149999999999999,,0.33,,1.2099306977595952,0.9908048927415618,2.222337526441824,2.7998360739471644,4.294916944270367,0.0,0.0
Gavin Bartholomew,TE,2500,MIN,MIA@MIN,MIA,0.305,7.200000000000001,,0.33,,1.2597802272762704,1.0714290249393787,2.22219720982398,2.743177331104506,4.028994347381855,0.0,0.0
Kayshon Boutte,WR,4400,HOU,DAL@HOU,DAL,0.305,9.149999999999999,,0.33,,1.2069949239296418,0.9956146229372427,2.219316251655351,2.777239889479586,4.34012492706378,0.0,0.0
Cyrus Allen,WR,3200,KC,KC@LV,LV,0.305,9.149999999999999,,0.33,,1.2023930705613024,0.9843015770222259,2.2170668404176244,2.775848134754941,4.342505023978468,0.0,0.0
Cam Grandy,TE,2500,MIN,MIA@MIN,MIA,0.305,7.200000000000001,,0.33,,1.259888036374361,1.0707627173801164,2.2161977735494904,2.747745800572984,4.012809161089376,0.0,0.0
Daniel Sobkowicz,WR,3000,HOU,DAL@HOU,DAL,0.305,9.149999999999999,,0.33,,1.2070255208553686,0.9887165532942674,2.2157014255223673,2.7955924921757207,4.2867267982844055,0.0,0.0
Andrew DePaola,TE,2500,MIN,MIA@MIN,MIA,0.305,7.200000000000001,,0.33,,1.2589757756129123,1.073290417134377,2.2154893523690524,2.706721701176725,4.0278369466238395,0.0,0.0
Jeff Caldwell,WR,3000,KC,KC@LV,LV,0.305,9.149999999999999,,0.33,,1.1964133655330553,0.9854196414324079,2.2142835582915565,2.76800978693755,4.153754435958191,0.0,0.0
Josh Oliver,TE,2500,MIN,MIA@MIN,MIA,0.305,7.200000000000001,,0.33,,1.263641556073195,1.0742262234744795,2.214244602488983,2.7414524222365264,4.05945114563511,0.0,0.0
Nikko Remigio,WR,3000,KC,KC@LV,LV,0.305,9.149999999999999,,0.33,,1.1971674465332278,0.9805000014754623,2.213874638212096,2.7942129850589588,4.2397086136585305,0.0,0.0
Bryce Oliver,WR,3000,HOU,DAL@HOU,DAL,0.305,9.149999999999999,,0.33,,1.2062587102341065,0.9918522853715932,2.21335290594371,2.777310002108266,4.205593683788635,0.002,0.0
Mitch Tinsley,WR,3000,HOU,DAL@HOU,DAL,0.305,9.149999999999999,,0.33,,1.2046688871382227,0.9845717074267104,2.209836188474768,2.7929876615665186,4.318616470628027,0.0,0.0
Omari Evans,WR,3000,KC,KC@LV,LV,0.305,9.149999999999999,,0.33,,1.2013747942133943,0.983738079554756,2.2086972790694657,2.7843974762220296,4.363641319359672,0.0,0.0
Durham Smythe,TE,2500,BAL,TEN@BAL,TEN,0.305,7.200000000000001,,0.33,,1.2505179713198673,1.0634296930454066,2.207750893533815,2.712514970714216,3.979187647648044,0.0,0.0
Tyquan Thornton,WR,3400,KC,KC@LV,LV,0.305,9.149999999999999,,0.33,,1.1995544834464182,0.97892026752126,2.2068618786356917,2.7886517759044698,4.352515343018035,0.0,0.0
Mark Andrews,TE,4200,BAL,TEN@BAL,TEN,0.305,7.200000000000001,,0.33,,1.2533846854583803,1.069931404871772,2.2055845825867197,2.710342252193926,3.9441020572202734,0.0,0.0
Matt Hibner,TE,2500,BAL,TEN@BAL,TEN,0.305,7.200000000000001,,0.33,,1.2521334713431296,1.0688154283070503,2.203853494108237,2.704179953562802,3.9895418750921627,0.0,0.0
Josh Cuevas,TE,2500,BAL,TEN@BAL,TEN,0.305,7.200000000000001,,0.33,,1.2494158173819054,1.0643025251552887,2.20353688839748,2.718852533295016,3.946513652359664,0.0,0.0
Nick Vannett,TE,2500,BAL,TEN@BAL,TEN,0.305,7.200000000000001,,0.33,,1.251687143516463,1.064629228013118,2.202108038473733,2.7111636021017316,3.9989840730828115,0.0,0.0
Jimmy Holiday,WR,3000,KC,KC@LV,LV,0.305,9.149999999999999,,0.33,,1.1991781142566384,0.9839001074005406,2.200717807180871,2.794707175718825,4.299349369011298,0.0,0.0
Jalen Royals,WR,3000,KC,KC@LV,LV,0.305,9.149999999999999,,0.33,,1.199223019545682,0.9838530017345776,2.199143685726178,2.7646118479412025,4.298626572389994,0.0,0.0
Dillon Bell,WR,3000,MIN,MIA@MIN,MIA,0.305,9.149999999999999,,0.33,,1.1861098760279325,0.9732389849239703,2.1983971922176155,2.745783406940194,4.1468661404307285,0.0,0.0
Xavier Worthy,WR,4600,KC,KC@LV,LV,0.305,9.149999999999999,,0.33,,1.199665265297061,0.9876128605961059,2.195789144167238,2.783789227749558,4.271147887280244,0.0,0.0
Andrew Armstrong,WR,3000,KC,KC@LV,LV,0.305,9.149999999999999,,0.33,,1.197335429456281,0.9802504569635202,2.1952425523457437,2.7563532932386554,4.360574945698118,0.0,0.0
Brenden Bates,TE,2500,JAX,JAX@CIN,CIN,0.305,7.200000000000001,,0.33,,1.2414977598518218,1.0525963509835479,2.1942561758682815,2.7033813566684435,4.061723752952411,0.0,0.0
Trebor Pena,WR,3000,JAX,JAX@CIN,CIN,0.305,9.149999999999999,,0.33,,1.1842576527501258,0.9712350346922685,2.192202564498066,2.7472534276497456,4.123067799882987,0.0,0.0
Drew Sample,TE,2600,CIN,JAX@CIN,JAX,0.305,7.200000000000001,,0.33,,1.2363327380427722,1.0514909569288986,2.184227068403064,2.678735232305635,4.006167190956298,0.0,0.0
Nate Boerkircher,TE,2500,JAX,JAX@CIN,CIN,0.305,7.200000000000001,,0.33,,1.241360262746043,1.0543427274228616,2.183582441719766,2.6986666226612175,4.017611855509003,0.0,0.0
Tanner Koziol,TE,2500,JAX,JAX@CIN,CIN,0.305,7.200000000000001,,0.33,,1.2372257187693527,1.0508190281051817,2.182635512650507,2.6838799248953937,3.9890757766569163,0.0,0.0
Mike Gesicki,TE,3300,CIN,JAX@CIN,JAX,0.305,7.200000000000001,,0.33,,1.2352884216772757,1.0531051742744442,2.1821771548711966,2.656079956300064,3.9297173710895676,0.0,0.0
Tim Jones,WR,3000,JAX,JAX@CIN,CIN,0.305,9.149999999999999,,0.33,,1.1815611561154296,0.9694744001863762,2.1817582954306967,2.74271362983685,4.202509433500076,0.0,0.0
Tai Felton,WR,3000,MIN,MIA@MIN,MIA,0.305,9.149999999999999,,0.33,,1.1851452860765663,0.9728770965448583,2.181001530662504,2.735377883342412,4.195817796227044,0.0,0.0
Michael Briscoe,WR,3000,MIN,MIA@MIN,MIA,0.305,9.149999999999999,,0.33,,1.1879629661175581,0.9720647928487418,2.180769278506821,2.739249815532005,4.2504830476556945,0.0,0.0
Myles Price,WR,3000,MIN,MIA@MIN,MIA,0.305,9.149999999999999,,0.33,,1.1822117967247112,0.9692798606084743,2.1799496527552478,2.7311365672151746,4.2056240931422755,0.0,0.0
Josh Cameron,WR,3000,JAX,JAX@CIN,CIN,0.305,9.149999999999999,,0.33,,1.1844092301395417,0.9694445950220633,2.1768714553250277,2.7539943211256444,4.268128652247086,0.0,0.0
Jauan Jennings,WR,3800,MIN,MIA@MIN,MIA,0.305,9.149999999999999,,0.33,,1.1854343436185555,0.9709349981432753,2.176788888797067,2.729798209188137,4.215567972271318,0.0,0.0
Jack Endries,TE,2500,CIN,JAX@CIN,JAX,0.305,7.200000000000001,,0.33,,1.2327591552450197,1.0484288950853915,2.176457509800183,2.6987248768153904,3.9266289769752443,0.0,0.0
Travis Hunter,WR,3000,JAX,JAX@CIN,CIN,0.305,9.149999999999999,,0.33,,1.1854850435031072,0.9677713053367266,2.1756215425666388,2.7317574999529626,4.346742246045207,0.0,0.0
William Wagner,TE,2500,CIN,JAX@CIN,JAX,0.305,7.200000000000001,,0.33,,1.2343652453493164,1.0510074616429068,2.1755809127391736,2.67419659205391,3.986612226673608,0.0,0.0
Quintin Morris,TE,2500,JAX,JAX@CIN,CIN,0.305,7.200000000000001,,0.33,,1.238582903637712,1.0527197153927452,2.1740276216306373,2.6634776032194645,3.977592041831363,0.0,0.0
Jeshaun Jones,WR,3000,MIN,MIA@MIN,MIA,0.305,9.149999999999999,,0.33,,1.1852408681825268,0.9701848527337047,2.171603152547441,2.7450190277062205,4.277743030216473,0.0,0.0
CJ Williams,WR,3000,JAX,JAX@CIN,CIN,0.305,9.149999999999999,,0.33,,1.1812689005890311,0.9684840631406986,2.1713398621147944,2.731487047040271,4.1264776754579815,0.0,0.0
Erick All Jr.,TE,2500,CIN,JAX@CIN,JAX,0.305,7.200000000000001,,0.33,,1.2332455861476537,1.0495164127815841,2.1703667555475086,2.6867822281716203,3.9755172315092415,0.0,0.0
Austin Trammell,WR,3000,JAX,JAX@CIN,CIN,0.305,9.149999999999999,,0.33,,1.181003965008396,0.9700449097982087,2.1652264416168823,2.742435613650464,4.16688634882525,0.0,0.0
Brandon Aiyuk,WR,3000,SF,DEN@SF,DEN,0.305,9.149999999999999,,0.33,,1.1749241484854467,0.9617671726297323,2.164965646996105,2.72509767086186,4.20222233782543,0.0,0.0
Demarcus Robinson,WR,3000,SF,DEN@SF,DEN,0.305,9.149999999999999,,0.33,,1.1739121788689941,0.9624949058275851,2.1646681144647726,2.7170899296632482,4.199237977883663,0.0,0.0
Deebo Samuel Sr.,WR,5600,SF,DEN@SF,DEN,0.305,9.149999999999999,,0.33,,1.1755830493103814,0.9640020280724997,2.164598158967053,2.7015730860654257,4.185629061774209,0.0,0.0
Jacob Cowing,WR,3100,SF,DEN@SF,DEN,0.305,9.149999999999999,,0.33,,1.178819002277666,0.9670275992211652,2.1638989658141723,2.7111133636658695,4.145851439787186,0.0,0.0
Tanner Hudson,TE,2500,CIN,JAX@CIN,JAX,0.305,7.200000000000001,,0.33,,1.2301233553403048,1.0473124686913218,2.163403958146596,2.6719176590802327,3.947653674128716,0.0,0.0
Michael Wortham,WR,3000,JAX,JAX@CIN,CIN,0.305,9.149999999999999,,0.33,,1.1814251937315856,0.9669363279406629,2.1632489801642882,2.733314215064204,4.211404591862961,0.0,0.0
Mike Evans,WR,6600,SF,DEN@SF,DEN,0.305,9.149999999999999,,0.33,,1.1811917187675895,0.9703109769901476,2.160818637473278,2.7139300322994897,4.282002381890346,0.0,0.0
Jordan Watkins,WR,3300,SF,DEN@SF,DEN,0.305,9.149999999999999,,0.33,,1.176526547547533,0.957641232720901,2.159390869066254,2.7268502602965214,4.205786773090326,0.0,0.0
Jackson Hawes,TE,2500,BUF,NE@BUF,NE,0.305,7.200000000000001,,0.33,,1.222965540448141,1.0401774778290807,2.158869987230279,2.6466826117982825,3.865768201695473,0.0,0.0
AJ Barner,TE,3000,SEA,LAC@SEA,LAC,0.305,7.200000000000001,,0.33,,1.2183358611172606,1.0363522568458508,2.1585259911126036,2.6489081202602565,3.8806289712286373,0.0,0.0
Brian Thomas Jr.,WR,4300,JAX,JAX@CIN,CIN,0.305,9.149999999999999,,0.33,,1.1768716783148578,0.9654326844090482,2.1580753276155744,2.703812585974405,4.192196427900787,0.0,0.0
KhaDarel Hodge,WR,3000,SF,DEN@SF,DEN,0.305,9.149999999999999,,0.33,,1.1739307864862767,0.9628437662048597,2.158017933173435,2.7314656019317,4.137277085006835,0.0,0.0
Christian Kirk,WR,3000,SF,DEN@SF,DEN,0.305,9.149999999999999,,0.33,,1.1720428277548274,0.960672166456106,2.1564974505137715,2.692864459267447,4.15706353241393,0.0,0.0
Wesley Grimes,WR,3000,SF,DEN@SF,DEN,0.305,9.149999999999999,,0.33,,1.1709675152391086,0.9573366346827176,2.1561472905294443,2.7120451572431516,4.127646503740019,0.0,0.0
Keleki Latu,TE,2500,BUF,NE@BUF,NE,0.305,7.200000000000001,,0.33,,1.22322435051751,1.044769835851777,2.1548857266131667,2.637171108545987,3.8678420701896448,0.0,0.0
Brandin Cooks,WR,3600,SF,DEN@SF,DEN,0.305,9.149999999999999,,0.33,,1.175665700035261,0.9649842548397869,2.1547179715159186,2.7072055147869567,4.233310781126796,0.0,0.0
Ricky Pearsall,WR,3000,SF,DEN@SF,DEN,0.305,9.149999999999999,,0.33,,1.1752864121231255,0.9689869556311733,2.1514646201440804,2.7168146095440795,4.141948803725632,0.0,0.0
Elijah Arroyo,TE,2500,SEA,LAC@SEA,LAC,0.305,7.200000000000001,,0.33,,1.2139460312763632,1.0335616565715688,2.148246046491889,2.6380278048335555,3.805911219291591,0.0,0.0
Will Pauling,WR,3000,SF,DEN@SF,DEN,0.305,9.149999999999999,,0.33,,1.1737005200788784,0.964146153453334,2.147224417172295,2.721550891218157,4.161201789376926,0.0,0.0
Nick Kallerup,TE,2500,SEA,LAC@SEA,LAC,0.305,7.200000000000001,,0.33,,1.2166333910174751,1.0341908981976276,2.146635520568393,2.644074165355524,3.8732556970529224,0.0,0.0
Luke Farrell,TE,2500,SF,DEN@SF,DEN,0.305,7.200000000000001,,0.33,,1.2143384401713633,1.0340205969215277,2.145544993820049,2.6432119178593507,3.8590514074730877,0.0,0.0
Khalil Dinkins,TE,2500,SF,DEN@SF,DEN,0.305,7.200000000000001,,0.33,,1.213652423460366,1.031705520243332,2.1442984324003675,2.6341885511697316,3.8771277100007584,0.0,0.0
De'Zhaun Stribling,WR,3000,SF,DEN@SF,DEN,0.305,9.149999999999999,,0.33,,1.1704118313944598,0.9588333201105645,2.1442476171532543,2.7209879886562196,4.176038360381226,0.0,0.0
Jake Tonges,TE,2500,SF,DEN@SF,DEN,0.305,7.200000000000001,,0.33,,1.2182188988922034,1.0356250594000982,2.1434049661500705,2.6263579417639877,3.893648249618551,0.0,0.0
Dawson Knox,TE,2800,BUF,NE@BUF,NE,0.305,7.200000000000001,,0.33,,1.2213236826563487,1.0415141862933956,2.1422300352745793,2.6243347650557407,3.941288464331902,0.0,0.0
Jack Stoll,TE,2500,SF,DEN@SF,DEN,0.305,7.200000000000001,,0.33,,1.2137430208793476,1.0324691524615273,2.1372833608879485,2.619742051939026,3.8509298512584396,0.0,0.0
Eric Saubert,TE,2500,SEA,LAC@SEA,LAC,0.305,7.200000000000001,,0.33,,1.2137997420875273,1.0320425726653464,2.132709978581485,2.6166240131771157,3.878185706918082,0.0,0.0
Konata Mumpfield,WR,3400,LAR,LAR@PHI,PHI,0.305,9.149999999999999,,0.33,,1.1564631604285407,0.9448584273677205,2.1301328502897414,2.6834511528133635,4.083409328968008,0.0,0.0
Brayden Willis,TE,2500,SF,DEN@SF,DEN,0.305,7.200000000000001,,0.33,,1.2138881651122364,1.0323906522692485,2.1286541781770683,2.61044148184708,3.8324598711509927,0.0,0.0
CJ Daniels,WR,3000,LAR,LAR@PHI,PHI,0.305,9.149999999999999,,0.33,,1.1525231084315453,0.9471136703905969,2.1285902091523172,2.6578633557222333,4.052393102798403,0.0,0.0
Tutu Atwell,WR,3000,LAR,LAR@PHI,PHI,0.305,9.149999999999999,,0.33,,1.155792140515651,0.944926433432827,2.1228618705160156,2.6778816447898706,4.14624765435524,0.0,0.0
Brennan Presley,WR,3000,LAR,LAR@PHI,PHI,0.305,9.149999999999999,,0.33,,1.1549833253737491,0.9464525814853375,2.1222416873210945,2.6832322661852532,4.144565712929091,0.0,0.0
Alex Bachman,WR,3000,LAR,LAR@PHI,PHI,0.305,9.149999999999999,,0.33,,1.1583376779549874,0.949192585735751,2.1140916800954073,2.672206132943683,4.12717305236337,0.0,0.0
Xavier Smith,WR,3000,LAR,LAR@PHI,PHI,0.305,9.149999999999999,,0.33,,1.1545942464003855,0.9489712230155078,2.1138197846964526,2.662658550654388,4.102656964468682,0.0,0.0
Jordan Whittington,WR,3200,LAR,LAR@PHI,PHI,0.305,9.149999999999999,,0.33,,1.1498135526043856,0.9472856723470294,2.108551696933811,2.643940237473257,3.986972081876974,0.0,0.0
Ryan Flournoy,WR,3800,DAL,DAL@HOU,HOU,0.305,9.149999999999999,,0.33,,1.1386868365015377,0.9349800096619716,2.0953742855360824,2.644528536816237,4.043289282646641,0.0,0.0
Jonathan Mingo,WR,3000,DAL,DAL@HOU,HOU,0.305,9.149999999999999,,0.33,,1.1387879025559908,0.935132881237862,2.0929707040757077,2.6255329874562237,4.084549840781979,0.0,0.0
Camden Brown,WR,3000,DAL,DAL@HOU,HOU,0.305,9.149999999999999,,0.33,,1.139503788159198,0.9318456252657634,2.092204331366448,2.643291001479292,4.113571947566674,0.0,0.0
Jordan Hudson,WR,3000,DAL,DAL@HOU,HOU,0.305,9.149999999999999,,0.33,,1.1386748871344505,0.9302543842268878,2.091253781784479,2.640116135039671,4.06226795836554,0.0,0.0
George Pickens,WR,6300,DAL,DAL@HOU,HOU,0.305,9.149999999999999,,0.33,,1.1359032430052955,0.9313389352461233,2.0904098159925217,2.6314628370299613,4.035511928994302,0.0,0.0
KaVontae Turpin,WR,3000,DAL,DAL@HOU,HOU,0.305,9.149999999999999,,0.33,,1.1378523436797099,0.9329163315210465,2.0852533855337256,2.6308316839210732,4.0441819297734956,0.0,0.0
Anthony Smith,WR,3000,DAL,DAL@HOU,HOU,0.305,9.149999999999999,,0.33,,1.1359707563768258,0.9328778579734535,2.0842008129522256,2.604852079022478,4.078775326396625,0.0,0.0
Jalin Hyatt,WR,3000,NYG,ARI@NYG,ARI,0.305,9.149999999999999,,0.33,,1.1116316606780374,0.9115882050832345,2.051124948207619,2.5597485974592296,3.889491052053406,0.0,0.0
Charlie Jones,WR,3000,NYG,ARI@NYG,ARI,0.305,9.149999999999999,,0.33,,1.1075005912624785,0.9072307253206184,2.0470390704974712,2.567333561987084,3.9575458789561173,0.0,0.0
Odell Beckham Jr.,WR,3100,NYG,ARI@NYG,ARI,0.305,9.149999999999999,,0.33,,1.1113939916543212,0.9139000912860186,2.045334023225031,2.570780211652583,3.959152920726302,0.0,0.0
Dalen Cambre,WR,3000,NYG,ARI@NYG,ARI,0.305,9.149999999999999,,0.33,,1.1130193988328154,0.9114419949901587,2.042836876986529,2.572974365714015,3.970865770840051,0.0,0.0
Darnell Mooney,WR,3800,NYG,ARI@NYG,ARI,0.305,9.149999999999999,,0.33,,1.1098845884094573,0.9108562932954569,2.0389600259264546,2.5664340251132947,3.9648487917974533,0.0,0.0
Malik Nabers,WR,6000,NYG,ARI@NYG,ARI,0.305,9.149999999999999,,0.33,,1.1093288282995062,0.9097920981225718,2.0357945242692317,2.5656386268126004,3.926274523616761,0.0,0.0
Malachi Fields,WR,4000,NYG,ARI@NYG,ARI,0.305,9.149999999999999,,0.33,,1.1077543725611658,0.9090293871184425,2.0352435863706657,2.550576545144322,3.933807498974589,0.0,0.0
Harrison Wallace III,WR,3000,ARI,ARI@NYG,NYG,0.305,9.149999999999999,,0.33,,1.1053875696899846,0.9059003890135833,2.0348195837781864,2.571514894118085,3.8863212148746324,0.0,0.0
Calvin Austin III,WR,3000,NYG,ARI@NYG,ARI,0.305,9.149999999999999,,0.33,,1.1096968486427736,0.9077145689638911,2.033619906156813,2.5794428761524277,4.000939807302331,0.0,0.0
Gunner Olszewski,WR,3000,NYG,ARI@NYG,ARI,0.305,9.149999999999999,,0.33,,1.109405356008628,0.9093104391979466,2.0333544465688997,2.5438461625888715,3.923298736168479,0.0,0.0
Michael Wilson,WR,5500,ARI,ARI@NYG,NYG,0.305,9.149999999999999,,0.33,,1.102965566157074,0.9062319193319726,2.03311304932817,2.5490193899263325,3.901949399134938,0.0,0.0
Braxton Berrios,WR,3000,NYG,ARI@NYG,ARI,0.305,9.149999999999999,,0.33,,1.107237395023049,0.9079695347922606,2.030483717836398,2.5510157914242324,3.9343126652687963,0.0,0.0
Simi Fehoko,WR,3000,ARI,ARI@NYG,NYG,0.305,9.149999999999999,,0.33,,1.105627500136962,0.9076418438697798,2.0302744801221864,2.5452657457905894,3.9362876387752554,0.0,0.0
Marvin Harrison Jr.,WR,4500,ARI,ARI@NYG,NYG,0.305,9.149999999999999,,0.33,,1.102445454269113,0.9047443127883895,2.0301559002612932,2.5566955274592025,3.895634175308944,0.0,0.0
Devin Duvernay,WR,3000,ARI,ARI@NYG,NYG,0.305,9.149999999999999,,0.33,,1.0997860624313418,0.9022233463165499,2.029333144398275,2.53326878619859,3.8874912229933627,0.0,0.0
Reggie Virgil,WR,3000,ARI,ARI@NYG,NYG,0.305,9.149999999999999,,0.33,,1.1060917767854472,0.907544456824126,2.0237372091030554,2.5386154881889,3.9228344772356696,0.0,0.0
Ihmir Smith-Marsette,WR,3000,ARI,ARI@NYG,NYG,0.305,9.149999999999999,,0.33,,1.1015935928084137,0.908393272897196,2.023184528410573,2.5163449499372734,3.9063540844769333,0.0,0.0
Kendrick Bourne,WR,3500,ARI,ARI@NYG,NYG,0.305,9.149999999999999,,0.33,,1.1016600333272637,0.9096942841654181,2.0132973004771317,2.530100090436853,3.8461603518524035,0.0,0.0
Jalen Brooks,WR,3000,ARI,ARI@NYG,NYG,0.305,9.149999999999999,,0.33,,1.1027870070875636,0.9093948419809679,2.006263490919615,2.531129203321738,3.9789210995129536,0.0,0.0
Theo Johnson,TE,2500,NYG,ARI@NYG,ARI,0.305,7.200000000000001,,0.33,,1.1296313063069534,0.9605018279504228,1.992749204204232,2.446681511146277,3.6205323685086537,0.0,0.0
Isaiah Likely,TE,4500,NYG,ARI@NYG,ARI,0.305,7.200000000000001,,0.33,,1.1304360610758752,0.9566738545872561,1.992178528297415,2.4496938496995395,3.615542385292873,0.0,0.0
Ben Mann,TE,2500,NYG,ARI@NYG,ARI,0.305,7.200000000000001,,0.33,,1.1280586804711563,0.9596118027799716,1.9894344586058343,2.443870898413254,3.6150910760276522,0.0,0.0
Chris Manhertz,TE,2500,NYG,ARI@NYG,ARI,0.305,7.200000000000001,,0.33,,1.1281868695525623,0.9604052349174892,1.9858299822039396,2.4559484084887866,3.598452892860068,0.0,0.0
Thomas Fidone II,TE,2500,NYG,ARI@NYG,ARI,0.305,7.200000000000001,,0.33,,1.127499141264321,0.9627910551922592,1.984192912719725,2.427059687978894,3.5863691625888032,0.0,0.0
Princeton Fant,TE,2500,DAL,DAL@HOU,HOU,0.305,7.200000000000001,,0.33,,1.1159141490226319,0.9497345404468308,1.9764937753530847,2.4247774658091585,3.538474162184894,0.0,0.0
Jake Ferguson,TE,4300,DAL,DAL@HOU,HOU,0.305,7.200000000000001,,0.33,,1.120059553626726,0.9541941429160067,1.9718442118338153,2.406055288730404,3.5591847591572576,0.0,0.0
Brevyn Spann-Ford,TE,2500,DAL,DAL@HOU,HOU,0.305,7.200000000000001,,0.33,,1.1180475802198975,0.9500201978874352,1.9711723322548875,2.414314714413349,3.5754045008292494,0.0,0.0
DJ Rogers,TE,2500,DAL,DAL@HOU,HOU,0.305,7.200000000000001,,0.33,,1.1165091950872,0.9495702333852254,1.9677599292046957,2.4307524983719193,3.529715333792558,0.0,0.0
James Mitchell,TE,2500,DAL,DAL@HOU,HOU,0.305,7.200000000000001,,0.33,,1.116994299903139,0.9520506387257017,1.9672267248283817,2.4228717526977652,3.5550607776870344,0.0,0.0
Michael Trigg,TE,2500,DAL,DAL@HOU,HOU,0.305,7.200000000000001,,0.33,,1.1149279843674784,0.9485472363973664,1.9632901689712305,2.417530186371377,3.584865119073397,0.0,0.0
Luke Schoonmaker,TE,2500,DAL,DAL@HOU,HOU,0.305,7.200000000000001,,0.33,,1.113754821289763,0.949833852490988,1.9628212156017495,2.4035368377240265,3.522324929208899,0.0,0.0
JP Richardson,WR,3000,CHI,NYJ@CHI,NYJ,0.305,9.149999999999999,,0.33,,1.0543443706238094,0.8639210928160994,1.9422891147353825,2.4393615697657,3.7848439378438985,0.0,0.0
Zavion Thomas,WR,3000,CHI,NYJ@CHI,NYJ,0.305,9.149999999999999,,0.33,,1.0498785460544784,0.8581462017031019,1.9420850224561108,2.431498286744051,3.7186584462113865,0.0,0.0
Rome Odunze,WR,5000,CHI,NYJ@CHI,NYJ,0.305,9.149999999999999,,0.33,,1.054753871225143,0.8628494642648463,1.9404343036339258,2.426257620268552,3.762445491905083,0.0,0.0
A.J. Brown,WR,3000,NE,NE@BUF,BUF,0.305,9.149999999999999,,0.33,,1.0552290399409079,0.8653515047208322,1.9401963201167234,2.444394371139222,3.723458762347614,0.0,0.0
Jeremiah Webb,WR,3000,NE,NE@BUF,BUF,0.305,9.149999999999999,,0.33,,1.0565948282147564,0.8641768597030413,1.9398900844391564,2.4253001918408956,3.8123069876411644,0.0,0.0
Efton Chism III,WR,3000,NE,NE@BUF,BUF,0.305,9.149999999999999,,0.33,,1.0511083987596896,0.8575784956887098,1.9382271657489356,2.43661895634091,3.7037653812148226,0.0,0.0
Kaden Davis,WR,3000,CHI,NYJ@CHI,NYJ,0.305,9.149999999999999,,0.33,,1.051709491347225,0.862416817054301,1.9361333008721906,2.4325244346476467,3.7345972246050443,0.0,0.0
DeMario Douglas,WR,3500,NE,NE@BUF,BUF,0.305,9.149999999999999,,0.33,,1.0550277798931422,0.8655100573859928,1.9309612593720105,2.4288408922277416,3.802969777833046,0.0,0.0
Jahdae Walker,WR,3300,CHI,NYJ@CHI,NYJ,0.305,9.149999999999999,,0.33,,1.0511796132216027,0.8642821543535073,1.9306063430124025,2.4164388614110566,3.7595721619333657,0.0,0.0
Elijah Higgins,TE,2500,ARI,ARI@NYG,NYG,0.305,7.200000000000001,,0.33,,1.0969695351083126,0.9376378155814054,1.9302213638285246,2.3703083137515706,3.486813051324781,0.0,0.0
Dane Key,WR,3000,DEN,DEN@SF,SF,0.305,9.149999999999999,,0.33,,1.0466060568313227,0.8613554272855833,1.9296956955924915,2.416487487548111,3.7025649927592545,0.0,0.0
Kyle Dixon,WR,3000,NE,NE@BUF,BUF,0.305,9.149999999999999,,0.33,,1.0536946270261216,0.86718035796516,1.9296397051330758,2.415201055848168,3.7345484229380137,0.0,0.0
Cameron Dorner,WR,3000,NE,NE@BUF,BUF,0.305,9.149999999999999,,0.33,,1.0542078062125795,0.8668768901998272,1.9287217295311463,2.4178746763995362,3.744515491640601,0.0,0.0
Kolbe Katsis,WR,3000,DEN,DEN@SF,SF,0.305,9.149999999999999,,0.33,,1.0453239582689677,0.8584045970453342,1.9280025118486626,2.420173058178765,3.6680146785653895,0.0,0.0
Kyle Williams,WR,3200,NE,NE@BUF,BUF,0.305,9.149999999999999,,0.33,,1.0533130131581052,0.8631244419133879,1.9279275663450923,2.4331383937698288,3.7471061669813213,0.0,0.0
Kalif Raymond,WR,3600,CHI,NYJ@CHI,NYJ,0.305,9.149999999999999,,0.33,,1.0510516184711902,0.8604391715816089,1.927807204204076,2.4295908477731403,3.7495908713018617,0.0,0.0
Romeo Doubs,WR,4700,NE,NE@BUF,BUF,0.305,9.149999999999999,,0.33,,1.0525893958600314,0.8640499895859324,1.9259584406928765,2.421962970110984,3.7023190416669833,0.0,0.0
Troy Franklin,WR,3400,DEN,DEN@SF,SF,0.305,9.149999999999999,,0.33,,1.0440117283437735,0.8516054765630109,1.9236857046434952,2.4160730919133306,3.7045850974509547,0.0,0.0
Chandler Brayboy,WR,3000,NE,NE@BUF,BUF,0.305,9.149999999999999,,0.33,,1.0491292137691166,0.8559720016870367,1.9227199779467439,2.4183952350499793,3.745512706131867,0.0,0.0
Lil'Jordan Humphrey,WR,3000,DEN,DEN@SF,SF,0.305,9.149999999999999,,0.33,,1.0459255174183066,0.8583590962650537,1.9224453735941303,2.41199414411917,3.7289454189953366,0.0,0.0
Pat Bryant,WR,4200,DEN,DEN@SF,SF,0.305,9.149999999999999,,0.33,,1.0442503773327039,0.8576273200553164,1.9220305566151294,2.406730214277277,3.6561663584758355,0.0,0.0
Hunter Long,TE,2500,ARI,ARI@NYG,NYG,0.305,7.200000000000001,,0.33,,1.0899282957544556,0.92856951869601,1.9220259315325,2.3729603615221673,3.4818622658430085,0.0,0.0
Marvin Mims Jr.,WR,3700,DEN,DEN@SF,SF,0.305,9.149999999999999,,0.33,,1.047838292179775,0.860777792182229,1.9209786522008578,2.420541723997886,3.714784628208119,0.0,0.0
Teagan Quitoriano,TE,2500,ARI,ARI@NYG,NYG,0.305,7.200000000000001,,0.33,,1.0907459924242515,0.9301175227521207,1.920615677917638,2.3567238130944035,3.4190458689346874,0.0,0.0
Courtland Sutton,WR,4900,DEN,DEN@SF,SF,0.305,9.149999999999999,,0.33,,1.0463490379324698,0.8579201565140464,1.9203610553144461,2.4153518689463698,3.7544444134081587,0.0,0.0
Thomas Yassmin,TE,2500,GB,GB@TB,TB,0.305,7.200000000000001,,0.33,,1.0868367558927268,0.9253452543047387,1.9185621433440596,2.3541095805801064,3.4955848541414953,0.0,0.0
Jaylen Waddle,WR,6200,DEN,DEN@SF,SF,0.305,9.149999999999999,,0.33,,1.0449668840189574,0.8600070933623669,1.9184552577837588,2.400730107765371,3.6316310899100785,0.0,0.0
Luke Musgrave,TE,2500,GB,GB@TB,TB,0.305,7.200000000000001,,0.33,,1.085837407121326,0.9213651040946249,1.9168368788937102,2.3621768325207753,3.480867665850857,0.0,0.0
Jameson Geers,TE,2500,ARI,ARI@NYG,NYG,0.305,7.200000000000001,,0.33,,1.090237779879499,0.9252649965697488,1.9163942500888196,2.3654460307201783,3.4678551521682994,0.0,0.0
Tip Reiman,TE,2500,ARI,ARI@NYG,NYG,0.305,7.200000000000001,,0.33,,1.091852954850821,0.9320166085860851,1.9155397678903001,2.352667340260077,3.473412821888528,0.0,0.0
Drake Dabney,TE,2500,GB,GB@TB,TB,0.305,7.200000000000001,,0.33,,1.0857342069061022,0.9233834639860155,1.9148409985620685,2.34900142189008,3.466631310773281,0.0,0.0
Michael Bandy,WR,3000,DEN,DEN@SF,SF,0.305,9.149999999999999,,0.33,,1.0442408745643845,0.8582235329437269,1.9145787182904885,2.3940811085944373,3.7087298167055005,0.0,0.0
Jonnu Smith,TE,2900,GB,GB@TB,TB,0.305,7.200000000000001,,0.33,,1.0829006667602956,0.9203830981701695,1.9134965582681187,2.347436198193803,3.4316314938377777,0.0,0.0
Shawn Bowman,TE,2500,ARI,ARI@NYG,NYG,0.305,7.200000000000001,,0.33,,1.0895909382820674,0.9316479386385728,1.912645877818366,2.3363954031151617,3.3694516191419503,0.0,0.0
Tucker Kraft,TE,4400,GB,GB@TB,TB,0.305,7.200000000000001,,0.33,,1.085286280586146,0.9217599722389755,1.9100021726874876,2.3513648616544325,3.5108130806618756,0.0,0.0
Mark Redman,TE,2500,GB,GB@TB,TB,0.305,7.200000000000001,,0.33,,1.0860720286610352,0.9259104816841351,1.9091032551696705,2.3462368175394483,3.4501449473771686,0.0,0.0
Josh Whyle,TE,2500,GB,GB@TB,TB,0.305,7.200000000000001,,0.33,,1.0855392270990705,0.9232812418248312,1.9066888796560844,2.352335349220846,3.494516382536426,0.0,0.0
Bo Melton,WR,3000,GB,GB@TB,TB,0.305,9.149999999999999,,0.33,,1.031108721442778,0.8448761342115834,1.9052468098186055,2.3745756035775982,3.6124598969073105,0.0,0.0
Isaiah Neyor,WR,3000,GB,GB@TB,TB,0.305,9.149999999999999,,0.33,,1.032545243768909,0.8459021735424519,1.8990678512446724,2.394713004664297,3.6672201817526826,0.0,0.0
Quincy Skinner Jr.,WR,3000,GB,GB@TB,TB,0.305,9.149999999999999,,0.33,,1.0304965394510082,0.8419310971460332,1.8962918819118393,2.3742636777186155,3.7045963894103133,0.0,0.0
Davis Allen,TE,2500,LAR,LAR@PHI,PHI,0.305,7.200000000000001,,0.33,,1.0737408913478141,0.9138244135067631,1.8952256378046193,2.3248842128345126,3.37893402054353,0.0,0.0
Skyy Moore,WR,3200,GB,GB@TB,TB,0.305,9.149999999999999,,0.33,,1.0317276887352933,0.8507063720466198,1.8951358174037705,2.380479180039255,3.619905944447073,0.0,0.0
Max Klare,TE,2500,LAR,LAR@PHI,PHI,0.305,7.200000000000001,,0.33,,1.0750392464840446,0.915717290572545,1.8939262983225933,2.3184620832251905,3.3922372883360414,0.0,0.0
J. Michael Sturdivant,WR,3000,GB,GB@TB,TB,0.305,9.149999999999999,,0.33,,1.0282067521569294,0.8439600266976963,1.8933144161054956,2.371883454479764,3.5801003889416543,0.0,0.0
Colby Parkinson,TE,2900,LAR,LAR@PHI,PHI,0.305,7.200000000000001,,0.33,,1.0706521319185214,0.9112742538782014,1.886093524718986,2.3121974584513096,3.4137992081,0.0,0.0
Matthew Golden,WR,5400,GB,GB@TB,TB,0.305,9.149999999999999,,0.33,,1.0308266677597984,0.8469618750910056,1.885758605800534,2.36860340062267,3.6788204024288995,0.0,0.0
Savion Williams,WR,3000,GB,GB@TB,TB,0.305,9.149999999999999,,0.33,,1.025574691689435,0.8446730648995774,1.8854239625239126,2.368577596725573,3.6259144952655027,0.0,0.0
Terrance Ferguson,TE,3000,LAR,LAR@PHI,PHI,0.305,7.200000000000001,,0.33,,1.07147597643218,0.9133223217816537,1.88046400391061,2.304526216546068,3.4162477260669144,0.0,0.0
Dan Villari,TE,2500,LAR,LAR@PHI,PHI,0.305,7.200000000000001,,0.33,,1.0718114262467264,0.913799117616808,1.8785551688552802,2.316007496943218,3.3919229973203264,0.0,0.0
Jayden Reed,WR,4200,GB,GB@TB,TB,0.305,9.149999999999999,,0.33,,1.0266970096500898,0.8442640629656847,1.873170542000659,2.3649589843759156,3.6599455647039685,0.0,0.0
Dallen Bentley,TE,2500,DEN,DEN@SF,SF,0.305,7.200000000000001,,0.33,,1.0533946041200444,0.897662544392762,1.8583890218133254,2.279026565361968,3.3781035378682596,0.0,0.0
Nate Adkins,TE,2500,DEN,DEN@SF,SF,0.305,7.200000000000001,,0.33,,1.0513412280654986,0.8947670053713833,1.8580616435837871,2.2864669171039638,3.3797669511157076,0.0,0.0
Evan Engram,TE,2900,DEN,DEN@SF,SF,0.305,7.200000000000001,,0.33,,1.0515417594846435,0.8907959271721526,1.8545210130308416,2.287496852036987,3.410821043212267,0.0,0.0
Mitchell Fraboni,TE,2500,DEN,DEN@SF,SF,0.305,7.200000000000001,,0.33,,1.0531706945626627,0.8985630732688554,1.8514881902279263,2.273773986674577,3.361630098634255,0.0,0.0
Justin Jefferson,WR,7300,MIN,MIA@MIN,MIA,0.305,9.149999999999999,,0.33,,0.7691111181460577,0.6097648554851955,1.8490321251788384,2.3809526304413766,3.762548134928414,0.0,0.0
Adam Trautman,TE,2500,DEN,DEN@SF,SF,0.305,7.200000000000001,,0.33,,1.0519434370399396,0.8954242783532685,1.8460405430172895,2.2882277836941975,3.3636792512361056,0.0,0.0
Caleb Lohner,TE,2500,DEN,DEN@SF,SF,0.305,7.200000000000001,,0.33,,1.0482501336277852,0.8956437970544922,1.8445796626599338,2.261157557568705,3.3243086635032713,0.0,0.0
Lucas Krull,TE,2500,DEN,DEN@SF,SF,0.305,7.200000000000001,,0.33,,1.0462618312353678,0.8878691721061369,1.8432273577298706,2.282960378790985,3.331771276535905,0.0,0.0
Ian Thomas,TE,2500,LV,KC@LV,KC,0.305,7.200000000000001,,0.33,,1.042790842296557,0.8854224904597814,1.8426231579282017,2.2603585797125882,3.3441332150870924,0.0,0.0
Michael Mayer,TE,3400,LV,KC@LV,KC,0.305,7.200000000000001,,0.33,,1.0426469001811083,0.8878759131647034,1.8424149461331367,2.246092399176819,3.3179013528031276,0.0,0.0
Chris Myarick,TE,2500,LV,KC@LV,KC,0.305,7.200000000000001,,0.33,,1.04163991583519,0.8886525020863645,1.8380914779223156,2.261407022500868,3.2712519914185014,0.0,0.0
Patrick Gurd,TE,2500,LV,KC@LV,KC,0.305,7.200000000000001,,0.33,,1.04354881348654,0.8864461207945676,1.8369212501763934,2.2516256189392,3.3061253114396068,0.0,0.0
Carter Runyon,TE,2500,LV,KC@LV,KC,0.305,7.200000000000001,,0.33,,1.0425304270216054,0.8853368127837642,1.8367691593900732,2.2694207939503905,3.3437903714296446,0.0,0.0
Brock Bowers,TE,6900,LV,KC@LV,KC,0.305,7.200000000000001,,0.33,,1.0432041012176954,0.8861155411125019,1.8323013791189093,2.268913658390939,3.317600860657991,0.0,0.0
Tre Tucker,WR,5100,LV,KC@LV,KC,0.305,9.149999999999999,,0.33,,0.9808159846578771,0.8034868840691431,1.811430329476881,2.256149988256446,3.4994227198069954,0.0,0.0
Colston Loveland,TE,4700,CHI,NYJ@CHI,NYJ,0.305,7.200000000000001,,0.33,,1.025560894233722,0.8731406598374863,1.8113263996198197,2.217548963301831,3.2638311721788154,0.0,0.0
Deven Thompkins,WR,3000,LV,KC@LV,KC,0.305,9.149999999999999,,0.33,,0.9810905461700123,0.8014195628229204,1.8089712355707024,2.2782329760690345,3.500252953744788,0.0,0.0
Hayden Large,TE,2500,CHI,NYJ@CHI,NYJ,0.305,7.200000000000001,,0.33,,1.0258165022315708,0.8733141533448239,1.8066798010218257,2.228298928856997,3.24678456614169,0.0,0.0
Justin Shorter,WR,3000,LV,KC@LV,KC,0.305,9.149999999999999,,0.33,,0.9795332293361678,0.8012532810848616,1.8051468915045636,2.2672671920039003,3.5095954972170644,0.0,0.0
Corey Rucker,WR,3000,LV,KC@LV,KC,0.305,9.149999999999999,,0.33,,0.9769265394830766,0.801996460679119,1.8048765267454858,2.2592299256686412,3.4713169823536525,0.0,0.0
Cody White,WR,3100,LV,KC@LV,KC,0.305,9.149999999999999,,0.33,,0.9794774427365799,0.8021927147971437,1.804194712298491,2.274527735073989,3.476734235866484,0.0,0.0
Sam Roush,TE,2500,CHI,NYJ@CHI,NYJ,0.305,7.200000000000001,,0.33,,1.023097000480335,0.8687029309904897,1.8040588745855046,2.224988835189984,3.286132973113541,0.0,0.0
Jalen Nailor,WR,3600,LV,KC@LV,KC,0.305,9.149999999999999,,0.33,,0.9779481916960753,0.8022757897091275,1.802366572234988,2.253706533279198,3.4991379101487388,0.0,0.0
Stephen Carlson,TE,2500,CHI,NYJ@CHI,NYJ,0.305,7.200000000000001,,0.33,,1.0245283287255573,0.8728719798753525,1.8012061121229426,2.217916368466096,3.243256239258082,0.0,0.0
Malik Benson,WR,3000,LV,KC@LV,KC,0.305,9.149999999999999,,0.33,,0.977933994787283,0.8013627072499774,1.801072954415368,2.2731641853906828,3.483120919344605,0.0,0.0
Dont'e Thornton Jr.,WR,3000,LV,KC@LV,KC,0.305,9.149999999999999,,0.33,,0.9798400563381512,0.8036937804822535,1.7984978104546931,2.263107223853044,3.537717402465769,0.0,0.0
Cole Kmet,TE,2800,CHI,NYJ@CHI,NYJ,0.305,7.200000000000001,,0.33,,1.0231852927068947,0.8736130145896062,1.7976824607598276,2.2069599182518096,3.2391915484316463,0.0,0.0
Dareke Young,WR,3000,LV,KC@LV,KC,0.305,9.149999999999999,,0.33,,0.9788654078345823,0.8019427992604834,1.7976006497626493,2.270537749609369,3.4986907263640514,0.0,0.0
Nikola Kalinic,TE,2500,CHI,NYJ@CHI,NYJ,0.305,7.200000000000001,,0.33,,1.0245005913262797,0.870177601823713,1.7966330172986298,2.2157753922813708,3.3185442534241543,0.0,0.0
Qadir Ismail,TE,2500,CHI,NYJ@CHI,NYJ,0.305,7.200000000000001,,0.33,,1.0227556661626058,0.8711411059447942,1.7964956233166143,2.2060716729314405,3.2457721092547525,0.0,0.0
Jack Bech,WR,3300,LV,KC@LV,KC,0.305,9.149999999999999,,0.33,,0.9773677147143178,0.801254038855,1.7924150963001455,2.2592759160253952,3.5325463841263436,0.0,0.0
Ronnie Bell,WR,3000,LV,KC@LV,KC,0.305,9.149999999999999,,0.33,,0.9789340868352938,0.8002410633784427,1.7920709059367441,2.2767697223635204,3.530531911164291,0.0,0.0
Darius Cooper,WR,3100,PHI,LAR@PHI,LAR,0.305,9.149999999999999,,0.33,,0.9631351684387369,0.7935846925635432,1.7770519370581421,2.2292985522417004,3.373501058508113,0.0,0.0
Britain Covey,WR,3000,PHI,LAR@PHI,LAR,0.305,9.149999999999999,,0.33,,0.9604270042051954,0.7895619509463416,1.763637445195494,2.2016307875294845,3.4405893892489328,0.0,0.0
Johnny Wilson,WR,3000,PHI,LAR@PHI,LAR,0.305,9.149999999999999,,0.33,,0.9571878750734689,0.7868224086141333,1.7629276351189664,2.2042502576698064,3.3969568900482017,0.0,0.0
Malik McClain,WR,3000,NYJ,NYJ@CHI,CHI,0.305,9.149999999999999,,0.33,,0.9541892853464454,0.7806426730642094,1.7618576684993386,2.214672296489686,3.3966123359667644,0.0,0.0
Elijah Moore,WR,3000,PHI,LAR@PHI,LAR,0.305,9.149999999999999,,0.33,,0.95718487093378,0.7845265805905557,1.7597910289731875,2.215494083431778,3.376214911213653,0.0,0.0
Hollywood Brown,WR,3300,PHI,LAR@PHI,LAR,0.305,9.149999999999999,,0.33,,0.9600950912421665,0.7903328335003118,1.7580995380743454,2.206747260957566,3.3652383825351246,0.0,0.0
Makai Lemon,WR,4100,PHI,LAR@PHI,LAR,0.305,9.149999999999999,,0.33,,0.9595972773258353,0.7871126002068547,1.7579270064361927,2.213166727793145,3.4164565277153947,0.0,0.0
Julian Hill,TE,2500,NE,NE@BUF,BUF,0.305,7.200000000000001,,0.33,,0.9942459693522552,0.8475387172294593,1.7542241509679743,2.1550331767608073,3.1269798657141807,0.0,0.0
Hunter Henry,TE,3500,NE,NE@BUF,BUF,0.305,7.200000000000001,,0.33,,0.9957223246223421,0.8474250209008384,1.753369110891406,2.1442382026939484,3.1108468880036173,0.0,0.0
Isaiah Williams,WR,3500,NYJ,NYJ@CHI,CHI,0.305,9.149999999999999,,0.33,,0.9555932402385038,0.7876569698844431,1.753320181825459,2.1892978860772887,3.360336696234657,0.0,0.0
Arian Smith,WR,3000,NYJ,NYJ@CHI,CHI,0.305,9.149999999999999,,0.33,,0.9547535197052851,0.7815763103055566,1.7528153838026261,2.212454430316067,3.418681377867276,0.0,0.0
Xavier Gipson,WR,3000,PHI,LAR@PHI,LAR,0.305,9.149999999999999,,0.33,,0.9580187247345426,0.787582228187654,1.7521851077449164,2.210201654169292,3.4392576630335108,0.0,0.0
Tim Patrick,WR,3000,NYJ,NYJ@CHI,CHI,0.305,9.149999999999999,,0.33,,0.9498767301865315,0.7813188508115573,1.7521814117971515,2.1909033719029587,3.3013165952260657,0.0,0.0
Tanner Arkin,TE,2500,NE,NE@BUF,BUF,0.305,7.200000000000001,,0.33,,0.9958694119142492,0.847224542150633,1.751842288964846,2.1628147888301354,3.1901822593411264,0.0,0.0
Sterling Shepard,WR,3000,NYJ,NYJ@CHI,CHI,0.305,9.149999999999999,,0.33,,0.9524944356153332,0.7844992954273287,1.7500071293296815,2.192504979112145,3.3350777019207736,0.0,0.0
Jamaal Pritchett,WR,3000,NYJ,NYJ@CHI,CHI,0.305,9.149999999999999,,0.33,,0.9507191025626444,0.7803600951121592,1.7499371543921851,2.1917214830992453,3.350677080475682,0.0,0.0
Tanner Conner,TE,2500,NE,NE@BUF,BUF,0.305,7.200000000000001,,0.33,,0.9941726676352981,0.8462547141531757,1.7491549265130975,2.1631441179406097,3.1500864242856728,0.0,0.0
Omar Cooper Jr.,WR,3000,NYJ,NYJ@CHI,CHI,0.305,9.149999999999999,,0.33,,0.9543468042193685,0.78052490869816,1.7484799218755682,2.2104845799638606,3.3904687316119615,0.0,0.0
Nico Collins,WR,7200,HOU,DAL@HOU,DAL,0.305,9.149999999999999,,0.33,,0.664771339431261,0.4275812304602608,1.7472313382262123,2.2930870398447607,3.736487015020961,0.0,0.0
Tyler Johnson,WR,3000,NYJ,NYJ@CHI,CHI,0.305,9.149999999999999,,0.33,,0.951068113397971,0.7795593964410338,1.7459797974944709,2.213814237644472,3.3682743137752986,0.0,0.0
Adonai Mitchell,WR,4500,NYJ,NYJ@CHI,CHI,0.305,9.149999999999999,,0.33,,0.9529944203800907,0.7827618128796858,1.742492146277342,2.187555710242396,3.383562813986433,0.0,0.0
Eli Raridon,TE,2700,NE,NE@BUF,BUF,0.305,7.200000000000001,,0.33,,0.9943495382419064,0.8490797633001007,1.7411906470745622,2.1337071149082565,3.1590519511801665,0.0,0.0
Cameron Latu,TE,2500,NE,NE@BUF,BUF,0.305,7.200000000000001,,0.33,,0.9938569623455473,0.8482352222149482,1.7408818581651475,2.142140566298656,3.1566026010507002,0.0,0.0
Mason Taylor,TE,2500,NYJ,NYJ@CHI,CHI,0.305,7.200000000000001,,0.33,,0.9496728205492605,0.806751842189029,1.6827318212811775,2.0607895569401826,3.016504070422653,0.0,0.0
Jelani Woods,TE,2500,NYJ,NYJ@CHI,CHI,0.305,7.200000000000001,,0.33,,0.9493323574919582,0.8045607817587579,1.6817960286366218,2.071527512014667,3.03186114053297,0.0,0.0
Jeremy Ruckert,TE,2500,NYJ,NYJ@CHI,CHI,0.305,7.200000000000001,,0.33,,0.9470873334000002,0.8031356520641633,1.6790377589640697,2.0635443399314277,3.0606084905234496,0.0,0.0
Cody Hardy,TE,2500,NYJ,NYJ@CHI,CHI,0.305,7.200000000000001,,0.33,,0.9490168492669148,0.8066911468193086,1.6726986746628396,2.0578272629908354,3.0659584133303674,0.0,0.0
Puka Nacua,WR,7500,LAR,LAR@PHI,PHI,0.305,9.149999999999999,,0.33,,0.6306144623832659,0.41036426174686935,1.657173838840184,2.160073288798609,3.470882917463645,0.0,0.0
Josiah Deguara,TE,2500,PHI,LAR@PHI,LAR,0.305,7.200000000000001,,0.33,,0.9198136197635904,0.7803382705664919,1.6252364611486367,1.9978552004608714,2.9627170058505055,0.0,0.0
E.J. Jenkins,TE,2500,PHI,LAR@PHI,LAR,0.305,7.200000000000001,,0.33,,0.9199853051032274,0.783275183542085,1.6242067240230513,1.9861469495079471,2.913297723424917,0.0,0.0
Grant Calcaterra,TE,2500,PHI,LAR@PHI,LAR,0.305,7.200000000000001,,0.33,,0.9210057337746618,0.7824096213188316,1.62269575654051,1.997785532221953,2.9729497397633633,0.0,0.0
Johnny Mundt,TE,2600,PHI,LAR@PHI,LAR,0.305,7.200000000000001,,0.33,,0.917955094637249,0.7812042609923354,1.6217995649377535,1.9946628443433225,2.899061763305356,0.0,0.0
Zach Ertz,TE,3100,PHI,LAR@PHI,LAR,0.305,7.200000000000001,,0.33,,0.9199776939826988,0.7854163449532952,1.6217081861095621,1.9845482670671537,2.929704617771106,0.0,0.0
Eli Stowers,TE,2500,PHI,LAR@PHI,LAR,0.305,7.200000000000001,,0.33,,0.92047375853723,0.7818309940700023,1.6209791497107195,1.9965305777992806,2.955242452746062,0.0,0.0
Rocco Underwood,TE,2500,PHI,LAR@PHI,LAR,0.305,7.200000000000001,,0.33,,0.9237933955875155,0.7877957108915008,1.617973179229581,1.9895962952513742,2.990036254109324,0.0,0.0
Dallas Goedert,TE,4600,PHI,LAR@PHI,LAR,0.305,7.200000000000001,,0.33,,0.9179846067826073,0.7833306678711287,1.6174150102491531,1.9870932069440053,2.8897394788094664,0.0,0.0
Emeka Egbuka,WR,5900,TB,GB@TB,GB,0.305,9.149999999999999,,0.33,,0.8551978456972231,0.7042178319833381,1.572059812134714,1.9764395548709133,2.9947804576220953,0.0,0.0
Chris Godwin Jr.,WR,4900,TB,GB@TB,GB,0.305,9.149999999999999,,0.33,,0.8528604619916245,0.7017947451104616,1.566131678175083,1.980934518979183,3.0462679198134324,0.0,0.0
Ladd McConkey,WR,5800,LAC,LAC@SEA,SEA,0.305,9.149999999999999,,0.33,,0.8074469211246929,0.6622618008234791,1.4862644926243438,1.8642120523365346,2.8298423381195206,0.0,0.0
Quentin Johnston,WR,4800,LAC,LAC@SEA,SEA,0.305,9.149999999999999,,0.33,,0.8071681813624448,0.6611597716807684,1.4820929895481834,1.8729393187325065,2.9106962463205255,0.0,0.0
Carnell Tate,WR,4800,TEN,TEN@BAL,BAL,0.305,9.149999999999999,,0.33,,0.7885263915727156,0.6466695648544911,1.4500806906497157,1.8126252375582386,2.752372726398776,0.0,0.0
