game,total,away_spread,away_implied,home_implied,source,source_url
ARI@NYG,44.5,1.5,21.5,23.0,"VegasInsider Week 4 odds, accessed 2026-09-30",https://www.vegasinsider.com/nfl/nfl-week-4-odds-2026/
NE@BUF,48.5,7.0,20.75,27.75,"VegasInsider Week 4 odds, accessed 2026-09-30",https://www.vegasinsider.com/nfl/nfl-week-4-odds-2026/
NYJ@CHI,42.5,3.5,19.5,23.0,"VegasInsider Week 4 odds, accessed 2026-09-30",https://www.vegasinsider.com/nfl/nfl-week-4-odds-2026/
DAL@HOU,48.5,2.5,23.0,25.5,"VegasInsider Week 4 odds, accessed 2026-09-30",https://www.vegasinsider.com/nfl/nfl-week-4-odds-2026/
LAR@PHI,43.5,-3.0,23.25,20.25,"VegasInsider Week 4 odds, accessed 2026-09-30",https://www.vegasinsider.com/nfl/nfl-week-4-odds-2026/
GB@TB,39.5,-3.5,21.5,18.0,"VegasInsider Week 4 odds, accessed 2026-09-30",https://www.vegasinsider.com/nfl/nfl-week-4-odds-2026/
TEN@BAL,43.5,11.5,16.0,27.5,"VegasInsider Week 4 odds, accessed 2026-09-30",https://www.vegasinsider.com/nfl/nfl-week-4-odds-2026/
JAX@CIN,51.5,2.5,24.5,27.0,"VegasInsider Week 4 odds, accessed 2026-09-30",https://www.vegasinsider.com/nfl/nfl-week-4-odds-2026/
MIA@MIN,38.5,10.5,14.0,24.5,"VegasInsider Week 4 odds, accessed 2026-09-30",https://www.vegasinsider.com/nfl/nfl-week-4-odds-2026/
KC@LV,47.5,-4.5,26.0,21.5,"VegasInsider Week 4 odds, accessed 2026-09-30",https://www.vegasinsider.com/nfl/nfl-week-4-odds-2026/
LAC@SEA,42.5,7.0,17.75,24.75,"VegasInsider Week 4 odds, accessed 2026-09-30",https://www.vegasinsider.com/nfl/nfl-week-4-odds-2026/
DEN@SF,47.5,3.0,22.25,25.25,"VegasInsider Week 4 odds, accessed 2026-09-30",https://www.vegasinsider.com/nfl/nfl-week-4-odds-2026/
