Name,Position,TeamAbbrev,opponent,expected_primary_coverage,coverage_matchup_grade,individual_matchup_factor,matchup_notes,matchup_source,matchup_source_url
Josh Downs,WR,IND,WSH,Mike Sainristil,Favorable,1.045,Slot matchup; high target rate allowed in cited Week 4 research,FantasyPros Week 4 WR/CB matchups (2026-09-30),https://www.fantasypros.com/2026/09/6-fantasy-football-wr-cb-matchups-to-know-week-4-2026/
KC Concepcion,WR,CLE,PIT,Jalen Ramsey,Favorable,1.04,Strong utilization with favorable CB efficiency matchup,FantasyPros Week 4 WR/CB matchups (2026-09-30),https://www.fantasypros.com/2026/09/6-fantasy-football-wr-cb-matchups-to-know-week-4-2026/
Stefon Diggs,WR,WSH,IND,Justin Walley,Favorable,1.04,Slot/coverage matchup flagged favorable,FantasyPros Week 4 WR/CB matchups (2026-09-30),https://www.fantasypros.com/2026/09/6-fantasy-football-wr-cb-matchups-to-know-week-4-2026/
Nico Collins,WR,HOU,DAL,Shavon Revel,Favorable,1.03,Notable advantageous matchup,FantasyPros Week 4 WR/CB matchups (2026-09-30),https://www.fantasypros.com/2026/09/6-fantasy-football-wr-cb-matchups-to-know-week-4-2026/
Keenan Allen,WR,IND,WSH,Rasul Douglas,Favorable,1.03,Notable advantageous matchup,FantasyPros Week 4 WR/CB matchups (2026-09-30),https://www.fantasypros.com/2026/09/6-fantasy-football-wr-cb-matchups-to-know-week-4-2026/
Matthew Golden,WR,GB,TB,Benjamin Morrison,Favorable,1.03,Notable advantageous matchup,FantasyPros Week 4 WR/CB matchups (2026-09-30),https://www.fantasypros.com/2026/09/6-fantasy-football-wr-cb-matchups-to-know-week-4-2026/
Jaxon Smith-Njigba,WR,SEA,LAC,Cam Hart,Favorable,1.035,Notable advantageous matchup,FantasyPros Week 4 WR/CB matchups (2026-09-30),https://www.fantasypros.com/2026/09/6-fantasy-football-wr-cb-matchups-to-know-week-4-2026/
Mike Evans,WR,SF,DEN,Pat Surtain II,Difficult,0.955,Shutdown-corner matchup; injury status also requires review,FantasyPros Week 4 WR/CB matchups (2026-09-30),https://www.fantasypros.com/2026/09/6-fantasy-football-wr-cb-matchups-to-know-week-4-2026/
Davante Adams,WR,LAR,PHI,Quinyon Mitchell,Difficult,0.965,Tough individual coverage matchup,FantasyPros Week 4 WR/CB matchups (2026-09-30),https://www.fantasypros.com/2026/09/6-fantasy-football-wr-cb-matchups-to-know-week-4-2026/
Brian Thomas Jr.,WR,JAX,CIN,Dax Hill,Difficult,0.955,Low target efficiency plus difficult coverage matchup,FantasyPros Week 4 WR/CB matchups (2026-09-30),https://www.fantasypros.com/2026/09/6-fantasy-football-wr-cb-matchups-to-know-week-4-2026/
Jakobi Meyers,WR,JAX,CIN,DJ Turner,Difficult,0.97,Notable challenging matchup,FantasyPros Week 4 WR/CB matchups (2026-09-30),https://www.fantasypros.com/2026/09/6-fantasy-football-wr-cb-matchups-to-know-week-4-2026/
Rashee Rice,WR,KC,LV,Taron Johnson,Difficult,0.97,Notable challenging matchup,FantasyPros Week 4 WR/CB matchups (2026-09-30),https://www.fantasypros.com/2026/09/6-fantasy-football-wr-cb-matchups-to-know-week-4-2026/
Ladd McConkey,WR,LAC,SEA,Devon Witherspoon,Difficult,0.965,Notable challenging matchup,FantasyPros Week 4 WR/CB matchups (2026-09-30),https://www.fantasypros.com/2026/09/6-fantasy-football-wr-cb-matchups-to-know-week-4-2026/
Tee Higgins,WR,CIN,JAX,Jarrian Jones,Difficult,0.97,Notable challenging matchup,FantasyPros Week 4 WR/CB matchups (2026-09-30),https://www.fantasypros.com/2026/09/6-fantasy-football-wr-cb-matchups-to-know-week-4-2026/
Deebo Samuel,WR,SF,DEN,Ja’Quan McMillian,Difficult,0.97,Notable challenging matchup,FantasyPros Week 4 WR/CB matchups (2026-09-30),https://www.fantasypros.com/2026/09/6-fantasy-football-wr-cb-matchups-to-know-week-4-2026/
